ArtistId,ArtistName,GenreId,ArtistPopularity
40akJv6gxzx8uyRg3vBRuX,Gruntruck,50f5BoytJN3FrlUtDgltO5,26
7yCGrS6Xh3UngvY6Ad5sMJ,L7,7fxpqs4G8vj3rFYbJnsG7w,46
7yCGrS6Xh3UngvY6Ad5sMJ,L7,33TQqUKv3eajMYsetR3ELs,46
2SNzxY1OsSCHBLVi77mpPQ,Joe Bonamassa,1euT3PDzvROfebwCTZieWq,55
64tNsm6TnZe2zpcMVMOoHL,Alice In Chains,2Gw3Xa08XleghwGUmNcPLK,70
64tNsm6TnZe2zpcMVMOoHL,Alice In Chains,5EnYdTx0BWhWM5YDcPkGAa,70
64tNsm6TnZe2zpcMVMOoHL,Alice In Chains,4PtZE0h5oyPhCtPjg3NeYQ,70
7LuYiSXiWs86rwWJjEEgB9,Mudhoney,3Fg4SlOiqKDodVJbAM2Gut,42
1WPcVNert9hn7mHsPKDn7j,Édith Piaf,3dkIE8P7hvl3tHl9KSb6dA,60
22WZ7M8sxp5THdruNY3gXt,The Doors,0YMzPd9mYx4txOuCnhYUGU,71
22WZ7M8sxp5THdruNY3gXt,The Doors,4WAyUf6OhPTSnbVUPYzMY9,71
1u7kkVrr14iBvrpYnZILJR,Sex Pistols,2mKj8Em0GLFu8I78yM1CfU,53
1u7kkVrr14iBvrpYnZILJR,Sex Pistols,6ui6l3ZNvlrGQZArwo8195,53
1u7kkVrr14iBvrpYnZILJR,Sex Pistols,3LoDeIbiR12sAznmpNEmKA,53
7crPfGd2k81ekOoSqQKWWz,Stevie Nicks,67oVj9wKv1T0effsUcny7A,63
08GQAI4eElDnROBrJRGE0X,Fleetwood Mac,19Ym5Sg0YyOCa6ao21bdoG,80
4Tw2N3wdvJPGEU7JqMxFfE,Eddie Money,6MoQVatTYSlCJ5IHQRWXk7,56
2nvKpWcP8etYTq4JrRiUiy,Cliff Richard,3Ug96zKa29P3vICEEcYajZ,62
7crPfGd2k81ekOoSqQKWWz,Stevie Nicks,7L3b6iaVhDVjfo52Hbvh9Z,63
19ra5tSw0tWufvUp8GotLo,George Michael,1SKApv6ZfJ9bkUxeRObJEF,72
22WZ7M8sxp5THdruNY3gXt,The Doors,0ja1dJM5gBTjk5U9wsMP9r,71
22WZ7M8sxp5THdruNY3gXt,The Doors,5QTKB8UOaBO9zvWr6ap05R,71
22WZ7M8sxp5THdruNY3gXt,The Doors,3uqxwLp7Hs9sJhm4uVF8li,71
22WZ7M8sxp5THdruNY3gXt,The Doors,78JYtz4yOPqAEgZZc3SBLT,71
22WZ7M8sxp5THdruNY3gXt,The Doors,0wepIheFRGnHEDmZwfINp6,71
22WZ7M8sxp5THdruNY3gXt,The Doors,6ToM0uwxtPKo9CMpbPGYvM,71
22WZ7M8sxp5THdruNY3gXt,The Doors,4CIGLBUyPKZzHoYankmQzk,71
22WZ7M8sxp5THdruNY3gXt,The Doors,32bJv8V2Xgi5mtxdPcsi8B,71
22WZ7M8sxp5THdruNY3gXt,The Doors,693TK5ayPnvu3T3VJB4SZJ,71
22WZ7M8sxp5THdruNY3gXt,The Doors,0g1NRq4KmbEYgzaPF7G6CG,71
22WZ7M8sxp5THdruNY3gXt,The Doors,5rMfihaxthEm9rMDSnNk1r,71
22WZ7M8sxp5THdruNY3gXt,The Doors,0lWHA93ERijP8zhqbyoJXg,71
22WZ7M8sxp5THdruNY3gXt,The Doors,7MW3s6XnZua7CNQAfmdGe8,71
22WZ7M8sxp5THdruNY3gXt,The Doors,0y2Vz9T2PImD6YUdMq9Ebl,71
22WZ7M8sxp5THdruNY3gXt,The Doors,5ypTWakSUT3kLLYtbUFGfO,71
5fgtcrHICBqlrkHtSWWu0F,António Variações,5hKktjNNyTK8DF81fKc7lD,35
5fgtcrHICBqlrkHtSWWu0F,António Variações,4wuaLybXodnM3oL8ij1Mq1,35
4Tw2N3wdvJPGEU7JqMxFfE,Eddie Money,22CIOfLZB9z8He7WgHYAgH,56
0FI0kxP0BWurTz8cB8BBug,Mark Knopfler,6kO5VVgGb9jEZM9cKXoOqc,60
2qFr8w5sWUITRlzZ9kZotF,Jefferson Airplane,4uGIJG1jYFonGc4LGp5uQL,58
7bu3H8JO7d0UbMoVzbo70s,The Cure,4dneV7C1yDt9UtyxrQY375,74
22bE4uQ6baNwSHPVcDxLCe,The Rolling Stones,63T7DJ1AFDD6Bn8VzG6JE8,78
6olE6TJLqED3rqDCT0FyPh,Nirvana,2SHTKB8YYlawTGIuJ2b2ok,80
6olE6TJLqED3rqDCT0FyPh,Nirvana,651koV4RRMMX6NDbW1ElwP,80
6olE6TJLqED3rqDCT0FyPh,Nirvana,0Pie5DFAHHxpkONFUsAI6s,80
6olE6TJLqED3rqDCT0FyPh,Nirvana,4IryVI254hGj0J8ND5r8gZ,80
6olE6TJLqED3rqDCT0FyPh,Nirvana,5muVpPu8Fj9fXfDbbqDdrZ,80
6olE6TJLqED3rqDCT0FyPh,Nirvana,4UJmPSJsBsIR1U0N79BU1g,80
6olE6TJLqED3rqDCT0FyPh,Nirvana,1Ic9pKxGSJGM0LKeqf6lGe,80
1w5Kfo2jwwIPruYS2UWh56,Pearl Jam,3bE5slaVEfaDreqARl6k4M,73
64tNsm6TnZe2zpcMVMOoHL,Alice In Chains,7etojJg0JsetC3fSVpU3tX,70
2cnMpRsOVqtPMfq7YiFE6K,Van Halen,3KhF2YiNpJvGpfiCW45R6D,71
4NgfOZCL9Ml67xzM0xzIvC,Janis Joplin,5Icqjqizh8TnwHdejZQQGQ,61
4NgfOZCL9Ml67xzM0xzIvC,Janis Joplin,3dOfHE5J4Qsj1hJ35vnfn4,61
3vAaWhdBR38Q02ohXqaNHT,America,54eZmuggBFJbV7k248bTTt,67
3WrFJ7ztbogyGnTHbHJFl2,The Beatles,1H7gMYGykdtwZOV6s1N0by,83
22bE4uQ6baNwSHPVcDxLCe,The Rolling Stones,7HKez549fwJQDzx3zLjHKC,78
1bs7HoMkSyQwcobCpE9KpN,The Mamas & The Papas,4s6LhHAV5SEsOV0lC2tjvJ,67
3IZrrNonYELubLPJmqOci2,Nancy Sinatra,2HEgBBls7l0smWTxPx0MtZ,63
1eYhYunlNJlDoQhtYBvPsi,Ray Charles,5dUMh0ugelpKfoFp3qChuK,67
22bE4uQ6baNwSHPVcDxLCe,The Rolling Stones,5op6kdhlMQ4L0KH30GCZ5T,78
711MCceyCBcFnzjGY4Q7Un,AC/DC,4ObCns6nM6tShx5a5tHiGC,79
1w5Kfo2jwwIPruYS2UWh56,Pearl Jam,1L94M3KIu7QluZe63g64rv,73
5xUf6j4upBrXZPg6AI4MRK,Soundgarden,6hqIXyo6GxydAnoI8XeIrV,66
4pejUc4iciQfgdX6OKulQn,Queens of the Stone Age,6NvRxjfYkkT2SpirAlmsjH,69
2tRsMl4eGxwoNabM08Dm4I,Judas Priest,2RaA6kIcvomt77qlIgGhCT,65
6H1RjVyNruCmrBEWRbD0VZ,Def Leppard,7iEVmnzJr1V7duYKPWplzp,67
3hyGGjxu73JuzBa757H6R5,Mountain,4vO9dmzNRqDhFY3jD1a3P7,52
4S9EykWXhStSc15wEx8QFK,Dio,4EHCt5y6B5EMCYg5ujw6RZ,60
1w5Kfo2jwwIPruYS2UWh56,Pearl Jam,7gQm8pZsxA5eXCZMBGV7CA,73
1csBgT42N4pPPs1HJhxXIK,Thomas Newman,7jSQaXLzpLHjSQTev2krvT,62
0OcclcP5o8VKH2TRqSY2A7,Howard Shore,01LbdbLSELzgqb7QWL5FTN,66
77yY2QmM6bYvjJ3y5L2R0v,Jeremy Soule,1NhDv99nTtRm37rZpoH7Ix,65
0OcclcP5o8VKH2TRqSY2A7,Howard Shore,6zW80jVqLtgSF1yCtGHiiD,66
22WZ7M8sxp5THdruNY3gXt,The Doors,3bxZsAbXwPNBX4I7b36XRm,71
5fsDcuclIe8ZiBD5P787K1,Stevie Ray Vaughan,18PhtDBBYxE0vN4YvsZnMy,60
6GI52t8N5F02MxU0g5U69P,Santana,4YMQXzscifAREG0a7KNGhB,69
3IYUhFvPQItj6xySrBmZkd,Creedence Clearwater Revival,11DjZQEZ69EXLo77HVj6yW,78
3IYUhFvPQItj6xySrBmZkd,Creedence Clearwater Revival,01PnRJeFSeOgIpBuv1kQKd,78
3IYUhFvPQItj6xySrBmZkd,Creedence Clearwater Revival,4BP3uh0hFLFRb5cjsgLqDh,78
3qm84nBOXUEQ2vnTfUTTFC,Guns N' Roses,5sVf9kN90ScddiT3SdT9Qh,78
3qm84nBOXUEQ2vnTfUTTFC,Guns N' Roses,0G21yYKMZoHa30cYVi1iA8,78
3qm84nBOXUEQ2vnTfUTTFC,Guns N' Roses,0xaNdYwK8ZF3cHSjraQGC0,78
3qm84nBOXUEQ2vnTfUTTFC,Guns N' Roses,67q0QsfLcTa2SqhP2wQbia,78
6Q192DXotxtaysaqNPy5yR,Amy Winehouse,0DMRKqrpd0QO4RWiEdMib0,74
6Q192DXotxtaysaqNPy5yR,Amy Winehouse,7F5rIyOI88zk36AiBXC8xq,74
6Q192DXotxtaysaqNPy5yR,Amy Winehouse,7MDfN1ldfTMtuXXdVz2Pzc,74
6Q192DXotxtaysaqNPy5yR,Amy Winehouse,3FAclTFfvUuQYnEsptbK8w,74
7yCGrS6Xh3UngvY6Ad5sMJ,L7,1nWccj9gU34OmDYL63pTFS,46
64tNsm6TnZe2zpcMVMOoHL,Alice In Chains,1klrDyGRsCBPofZdqdaZp6,70
64tNsm6TnZe2zpcMVMOoHL,Alice In Chains,2QjkH9q5Mypj6m38u7Ni9o,70
64tNsm6TnZe2zpcMVMOoHL,Alice In Chains,4uc4dKehCiytR5NLTSGJXu,70
64tNsm6TnZe2zpcMVMOoHL,Alice In Chains,2lBqGHtGLD5FGeJJYNKbGS,70
5LfGQac0EIXyAN8aUwmNAQ,The Offspring,3SFXsFpeGmBTtQvKiwYMDA,75
64tNsm6TnZe2zpcMVMOoHL,Alice In Chains,6gnvB7ejTWObv3d2xdCaL4,70
2UazAtjfzqBF0Nho2awK4z,Stone Temple Pilots,6qLEOZvf5gI7kWE63JE7p3,66
64tNsm6TnZe2zpcMVMOoHL,Alice In Chains,2JuasWPUodaUxf5nwNpciQ,70
6wWVKhxIU2cEi0K81v7HvP,Rammstein,0UuNO0yYvsMPlyLF7RfQlg,78
07XSN3sPlIlB2L2XNcTwJw,KISS,1vcZBUX6P6FHXzG2mUfmCE,71
34c4iQ5tkaZKu6Sv28BTde,Danzig,7txxAtOMwLLnQTpKeBL6bp,57
5eyMzR1hYiEZtN2c9ly2kw,Matisyahu,7eGzVWupgsJNJflKTGX7Lq,55
5eyMzR1hYiEZtN2c9ly2kw,Matisyahu,0oPII5OCjKPgwq9WmDKk6t,55
5eyMzR1hYiEZtN2c9ly2kw,Matisyahu,3NkIfsiFHnljGrlXSD2AJ3,55
2QsynagSdAqZj3U9HgDzjD,Bob Marley & The Wailers,1efuoLEUL1K0D96d63svRO,77
22fUk65l9TfTRWwYrn5Mq9,Jahcoustix,7Dy4H2LB7mqHm9hLmSBdpL,29
36QJpDe2go2KgaRleHCDTp,Led Zeppelin,2eDdFHgqNJltzlvlZFVDWd,75
36QJpDe2go2KgaRleHCDTp,Led Zeppelin,49C6EGQhCUSgyADHYvJ7ez,75
36QJpDe2go2KgaRleHCDTp,Led Zeppelin,5CQ30WqJwcep0pYcV4AMNc,75
36QJpDe2go2KgaRleHCDTp,Led Zeppelin,7oI0UewzZ7PS0ljPxDqh5g,75
36QJpDe2go2KgaRleHCDTp,Led Zeppelin,0QwZfbw26QeUoIy82Z2jYp,75
1BGN1IdyiSR0ZYrkoKNchl,Tangerine Dream,0DYCw5AZIX3S11QQUiPiqN,47
5pVRwX5ZQR7hfJ18w8ZYkl,UFO,1soxeK1ZBX9SsSjK4j4ECa,51
0ECwFtbIWEVNwjlrfc6xoL,Eagles,2GpBrAoCwt48fxjgjlzMd4,76
4x1nvY2FN8jxqAFA0DA02H,John Lennon,7pKfPomDEeI4TPT6EOYjn9,74
4hz8tIajF2INpgM0qzPJz2,Rainbow,7FtRUrOEDUHTvenvp1BqZo,58
5pVRwX5ZQR7hfJ18w8ZYkl,UFO,0lwZD32VPco1d0B7I4ejtQ,51
0ECwFtbIWEVNwjlrfc6xoL,Eagles,40h65HAR8COEoqkMwUUQHu,76
22bE4uQ6baNwSHPVcDxLCe,The Rolling Stones,4Wd9pEtEnZNDjgiswGOpJb,78
5FHwr1FymaS5kutIEK6e2y,King Harvest,0q21FNwES2bbtcduB6kjEU,56
2UZMlIwnkgAEDBsw1Rejkn,Tom Petty,7gSQv1OHpkIoAdUiRLdmI6,70
7Ey4PD4MYsKc5I2dolUwbH,Aerosmith,73TxYZd0lBCVRrHawrAglA,74
4tX2TplrkIP4v05BNC903e,Tom Petty and the Heartbreakers,3oSl41e3rfJXanYvIufE23,67
59QxeZBL6k9L4oJBGSyukd,The Marshall Tucker Band,22uJJ5jk87Ts6R79Ly9uji,54
22bE4uQ6baNwSHPVcDxLCe,The Rolling Stones,1GOdYykgw2W0OcjPANvwgE,78
3i9hP422d2KMjaupTzBNVS,The Spencer Davis Group,3qCHUm73I3o5F1mDEfibzo,48
6QvgWa4x3Ij4tvBpFMo11P,Tony Joe White,0jtz7Ia3HahOqXWnKad0rn,47
5NGO30tJxFlKixkPSgXcFE,The Police,3EYOJ48Et32uATr9ZmLnAo,75
6biWAmrHyiMkX49LkycGqQ,Thin Lizzy,00xoWyJseWkKwOfpajm8dY,59
39T6qqI0jDtSWWioX8eGJz,The Doobie Brothers,4nXkbcTj3nyww1cHkw5RAP,66
42TFhl7WlMRXiNqzSrnzPL,Lou Reed,5p3JunprHCxClJjOmcLV8G,60
0ECwFtbIWEVNwjlrfc6xoL,Eagles,1WYokrkFOb9TFVuTrmxTTt,76
3WrFJ7ztbogyGnTHbHJFl2,The Beatles,389QX9Q1eUOEZ19vtzzI9O,83
4xls23Ye9WR9yy3yYMpAMm,Little Richard,4YXKKnIZuk7UtXH5oC0ffa,55
5NGO30tJxFlKixkPSgXcFE,The Police,62uLNJgVZaFiEiKV4LpoYJ,75
06nsZ3qSOYZ2hPVIMcr1IN,J.J. Cale,5cENc0N9NpJJB7FggcMjyS,60
5pVRwX5ZQR7hfJ18w8ZYkl,UFO,0lJ8EaAeHeBux57hvDaQmM,51
6vLlQYujOujIrm7zAKzEdG,Donovan,6poYscuLQG8hvpxNnyeMUV,54
74oJ4qxwOZvX6oSsu1DGnw,Cream,2JbS4ZDBIUcXavA9mfb2nC,62
1nyQBzKgZ2hBLr7PnyV7cI,Strawberry Alarm Clock,12aMcjaJouseW0rzAlu34q,37
4NgfOZCL9Ml67xzM0xzIvC,Janis Joplin,2bD8JWzDBOnSeUcsjVU2SD,61
59QxeZBL6k9L4oJBGSyukd,The Marshall Tucker Band,3k3eu6dnokyqCk2UD6GID3,54
36QJpDe2go2KgaRleHCDTp,Led Zeppelin,16VhHtoaOjTU4AJBNSBNQ1,75
4596e2d3KmYzAeVenjCxfj,Free,5Zbxc0wu95kL74YEhMzUmL,54
3sFhA6G1N0gG1pszb6kk1m,Wings,1rHvKz5JPpCf9IJDHsyX8P,63
74oJ4qxwOZvX6oSsu1DGnw,Cream,47bXIv24jthL4vzZy3j7CY,62
66Dx7ivzkFULFRIPPvnlxk,St. John Green,47p2NnvtB2xG9MhTcQpcs0,22
2ScuQMRWThcifBRIvNDFDC,John Mayall,0YCyXedYGnoaAOdirCzOR3,39
5aygfDCEaX5KTZOxSCpT9o,Albert King,5DUWIeIriroyHEbPdqxEFG,49
2ScuQMRWThcifBRIvNDFDC,John Mayall & The Bluesbreakers,4fP9hwZKpP7BiEoMOTecHm,45
74oJ4qxwOZvX6oSsu1DGnw,Cream,3oaSvU9VBBmyfPA4lbibQM,62
2lxX1ivRYp26soIavdG9bX,The Yardbirds,3iJ3aUaosOAdlVbAIJGwao,46
776Uo845nYHJpNaStv1Ds4,Jimi Hendrix,0uco0wQkB909zpPlHvu5Cc,68
01hRNr3yF5bYnPq4wZ88iI,Tommy James & The Shondells,1XyWR4W4RW6sIlVZCRIf9i,53
0gg11prPP6OqtUvBcKnPpq,Rodríguez,3hgVJGSwCFY8M84FavQwdD,57
2BGRfQgtzikz1pzAD0kaEn,Elvis Costello,31Tp5iKrVUayn65qhg06nE,54
2d0hyoQ5ynDBnkvAbJKORj,Rage Against The Machine,0tZ3mElWcr74OOhKEiNz1x,69
64tNsm6TnZe2zpcMVMOoHL,Alice In Chains,4A065x9kJt955eGVqf813g,70
4e5V1Q2dKCzbLVMQ8qbTn6,Collective Soul,77YKoNCjP5hWqiXMRG2839,58
0L8ExT028jH3ddEcZwqJJ5,Red Hot Chili Peppers,1ndGB6rvxKYN9seCYO1dTF,82
0RqtSIYZmd4fiBKVFqyIqD,Thirty Seconds To Mars,0lP4HYLmvowOKdsQ7CVkuq,68
7t0rwkOPGlDPEhaOcVtOt9,The Cranberries,15Trb1S2FDZSMLDzWfnlbg,73
2qFr8w5sWUITRlzZ9kZotF,Jefferson Airplane,2zbGXr2XCcRR40R7ymEENc,58
06nsZ3qSOYZ2hPVIMcr1IN,J.J. Cale,6G3NoUqDpqD3Rgfel2pD6s,60
0oSGxfWSnnOXhD2fKuz2Gy,David Bowie,5IyL3XOaRPpTgxVjRIAxXU,76
0epOFNiUfyON9EYx7Tpr6V,The Strokes,4fPBB44eDH71YohayI4eKV,74
6zvul52xwTWzilBZl6BUbT,Pixies,4IvZLDtwBHmBmwgDIUbuwa,69
3yY2gUcIsjMr8hjo51PoJ8,The Smiths,2AdRSHeYmDGMrgIfiS2w7K,77
49e4v89VmlDcFCMyDv9wQ9,Dean Martin,5OkKOkdVTKFrYi6GWXkMzR,80
5GtMEZEeFFsuHY8ad4kOxv,Seal,3YKptz29AsOlm7WAVnztBh,62
4ACplpEqD6JIVgKrafauzs,The Everly Brothers,11fNLqDB47gMKj7BHhR2Qr,58
43ZHCT0cAZBISjO8DG9PnE,Elvis Presley,64Ny7djQ6rNJspquof2KoX,81
43ZHCT0cAZBISjO8DG9PnE,Elvis Presley,5b1jXYUOgAX5QAHXPVHdld,81
14ZxDAK6ITtZZqPdiWrvSn,Everlast,6vUPPEN2V2lZ78b6DyEIjZ,56
0L8ExT028jH3ddEcZwqJJ5,Red Hot Chili Peppers,1G391cbiT3v3Cywg8T7DM1,82
05fG473iIaoy82BF1aGhL8,Slipknot,3RptaQ5Xb8WvtpItZ2f9Hi,76
08GQAI4eElDnROBrJRGE0X,Fleetwood Mac,5ihS6UUlyQAfmp48eSkxuQ,80
6XpaIBNiVzIetEPCWDvAFP,Whitney Houston,2tUBqZG2AbRi7Q0BIrVrEj,75
0f3EsoviYnRKTkmayI3cux,Men At Work,3ZZq9396zv8pcn5GYVhxUi,65
43ZHCT0cAZBISjO8DG9PnE,Elvis Presley,1iUgrte2PxLxQ6Te95RnAV,81
6hnWRPzGGKiapVX1UCdEAC,Sam Cooke,0KOE1hat4SIer491XKk4Pa,67
0iOVhN3tnSvgDbcg25JoJb,Etta James,4Hhv2vrOTy89HFRcjU3QOx,68
4IWBUUAFIplrNtaOHcJPRM,James,0tOeNmw9K0pwwKbrYJz9iq,57
4IWBUUAFIplrNtaOHcJPRM,James,0TdAVKULjn3z2BRjrx3Hl2,57
4IWBUUAFIplrNtaOHcJPRM,James,3CFSER4CPZ1qwDa2DGuLOX,57
3yY2gUcIsjMr8hjo51PoJ8,The Smiths,2OUPZheGd8XbNQwBMImYnI,77
0epOFNiUfyON9EYx7Tpr6V,The Strokes,7hm4HTk9encxT0LYC0J6oI,74
3Mcii5XWf6E0lrY3Uky4cA,Ice Cube,2qOm7ukLyHUXWyR4ZWLwxA,72
2ye2Wgw4gimLv2eAKyk1NB,Metallica,7lwvxYumAEo10lzAplRGXM,80
2ye2Wgw4gimLv2eAKyk1NB,Metallica,2CtemffYhT0DJWcT1XW047,80
26T3LtbuGT1Fu9m0eRq5X3,Cage The Elephant,4sebUbjqbcgDSwG6PbSGI0,72
7Ln80lUS6He07XvHI8qqHH,Arctic Monkeys,58ge6dfP91o9oXMzq3XkIS,85
6liAMWkVf5LH7YR9yfFy1Y,Portishead,3Ty7OTBNSigGEpeW2PqcsC,62
7MhMgCo0Bl0Kukl93PZbYS,Blur,0SaRvx9eYudSCQYNjuCQKX,68
3WaJSfKnzc65VDgmj2zU8B,Interpol,4PAR0Zp6Mbu3p6NKYClgBr,62
0RkqytrwoGyXGvDiZwT6i2,Michael Andrews,1ewqpUUSLANb3jjc4UI8uX,51
2x9SpqnPi8rlE9pjHBwmSC,Talking Heads,3DHuFJY6nkvGiS0h4V2U35,67
2CvCyf1gEVhI0mX6aFXmVI,Paul Simon,0qxYx4F3vm1AOnfux6dDxP,66
762310PdDnwsDxAQxzQkfX,Depeche Mode,4wGSg2Qqpt2sGCWuAZj6EN,73
08GQAI4eElDnROBrJRGE0X,Fleetwood Mac,4CoSCPlKNrWli7E5kFtbcl,80
5BcAKTbp20cv7tC5VqPFoC,R.E.M.,2fdfsGuqb6SBX5ocoBWHUd,72
4xXCRXOfQKQ2gjWxNhNzYW,Air Supply,2EzTLbGTRB1tD47jN509wc,68
6PAt558ZEZl0DmdXlnjMgD,Eric Clapton,6zC0mpGYwbNTpk9SKwh08f,70
70ZTdbPEcEugBNay4MvxfL,Bread,52VIdyKqp1pJRSyUQaxKUA,64
1eEfMU2AhEo7XnKgL7c304,Carpenters,5cbZDpFu1hTwaU7hDQpf13,71
5elcNQkZ6FCZA3grSOMngY,MYMP,6INw1Yp2DPTG23oMIyOvj7,58
3iDD7bnsjL9J4fO298r0L0,Chicago,0KMGxYKeUzK9wc5DZCt3HT,67
4xXCRXOfQKQ2gjWxNhNzYW,Air Supply,6gAhuDvn8Ef6P710UMze9W,68
19ra5tSw0tWufvUp8GotLo,George Michael,4jDmJ51x1o9NZB5Nxxc7gY,72
3iDD7bnsjL9J4fO298r0L0,Chicago,5nDSJO4909uNzMcZH3CggS,67
3Z02hBLubJxuFJfhacLSDc,Bryan Adams,1HDaENkQhUMm16pjdxZvHn,74
3Z02hBLubJxuFJfhacLSDc,Bryan Adams,7Ewz6bJ97vUqk5HdkvguFQ,74
6w7j5wQ5AI5OQYlcM15s2L,Extreme,1gVgkQFOKa8Wc1HYsJtPdH,60
3alW3LYQS8K29z8C8NSLIX,Barry Manilow,1M9IJNLfirBmrNAzzhJN3j,64
0Y5tJX1MQlPlqiwlOH1tJY,Travis,4yA2SM7XCLkSgkBUSoZb5S,57
6DCIj8jNaNpBz8e5oKFPtp,The Cars,2lFFiNm0XtgJ6wkdncTB4k,64
6scOultrkXrQsClcbGKM7e,The Motels,2AMwxuBy5vJfm4jzGSD1HS,39
1fa0cOhromAZdq2xRA4vv8,Simply Red,7DFawVSjI88xR9mjnWwURg,66
1fa0cOhromAZdq2xRA4vv8,Simply Red,1yg7fwwYmx9DQ2TdXUmfpJ,66
0SD4eZCN4Kr0wQk56hCdh2,Bonnie Tyler,7wuJGgpTNzbUyn26IOY6rj,66
4lxfqrEsLX6N1N4OCSkILp,Phil Collins,6fkvIT9KFKxO8poBeKfaEf,74
0Ty63ceoRnnJKVEYP0VQpk,Sting,5oE6INocVL9viDow5y8QNM,71
2BTZIqw0ntH9MvilQ3ewNY,Cyndi Lauper,7o9uu2GDtVDr9nsR7ZRN73,70
7290H8m1Dwt8G7jm1y9CQx,Chris Isaak,7w5AOd6HrDIHewHfpABEss,64
0ybFZ2Ab08V8hueghSXm6E,Opeth,0TN3CFZuYzAWQCV9N3pVPN,55
22WZ7M8sxp5THdruNY3gXt,The Doors,6DmfWj5kOa1fX8AwN9byOn,71
22WZ7M8sxp5THdruNY3gXt,The Doors,4BVE5tIIpYabZcYCbephNW,71
2QsynagSdAqZj3U9HgDzjD,Bob Marley & The Wailers,2qmHhaOmlcKDeGfipGhF1j,77
3HTAGLsChflHAIapHVIp4V,Sean Riley & The Slowriders,1veACzkH4SkgD8g5DlFXb3,20
3AH6sTUCngxmwaizGbhJEv,Da Chick,0sRuPIWvz2TljkZiizBTIw,14
3AH6sTUCngxmwaizGbhJEv,Da Chick,5EkfBtKj3ikNaknxJAEqRG,14
7MhMgCo0Bl0Kukl93PZbYS,Blur,5CeL9C3bsoe4yzYS1Qz8cw,68
7MhMgCo0Bl0Kukl93PZbYS,Blur,1FTSo4v6BOZH9QxKc3MbVM,68
6fvN9GmMCVKb5LY0WsnjFP,Nazareth,1i5oEx2vFczQ2sCY3c6Kn5,57
0WwSkZ7LtFUFjGjMZBMt6T,Dire Straits,3pGBIgFdfdnjtHDJR4nbrR,74
4b0WsB47XCa9F83BmwQ7WX,The Righteous Brothers,2qhASBzpbFhPRtrnZ5lLnz,61
7Ey4PD4MYsKc5I2dolUwbH,Aerosmith,1xsYj84j7hUDDnTTerGWlH,74
4x1nvY2FN8jxqAFA0DA02H,John Lennon,5y0YreEOnQiKFAnCrcFIXz,74
568ZhdwyaiCyOGJRtNYhWf,Deep Purple,77hitAMfc6USq4gkpwthV8,64
2aAHdB5HweT3mFcRzm0swc,Glenn Miller,3ziJFd6JeioC8Xfct0UXpJ,55
61J0BktHv7PuP3tjTPYXSX,Eros Ramazzotti,0z3Voyxi0FH0SQBc7c4wri,67
7oPgCQqMMXEXrNau5vxYZP,Tracy Chapman,2DjWsDGgL1xNbhnr7f6t5F,69
3nlHsNqwCSvT988ZfSW1Yh,Ronan Keating,2oJTBb2IyQZqEG3cTFRbLz,62
1QL7yTHrdahRMpvNtn6rI2,George Frideric Handel,0dfAHJmRg7JtCbitsageQG,67
5aIqB5nVVvmFsvSdExz408,Johann Sebastian Bach,2sqhid2MBYJCZWPrLjsUbP,77
6YqejfdahJrTfoRRKLsX4F,Michel Corrette,6JkDThoofgbKj59ykGwRph,35
5fz5lcOIakwBiRF7vzfm0u,Wilhelm Friedemann Bach,3Txpk5H7P3Qc2ny1KlcWCW,28
2QOIawHpSlOwXDvSqQ9YJR,Antonio Vivaldi,5AW6hac4JAKu0ygmZUw7HF,70
2jgPkn6LuUazBoBk6vvjh5,The Zombies,6hleUCx3E4gB2urwRvx1QT,58
4J69yWrKwWJgjv3DKTZcGo,Big Brother & The Holding Company,1xKQbqQtQWrtQS47fUJBtl,53
74oJ4qxwOZvX6oSsu1DGnw,Cream,3Xls4cNOwy01dtrNXb1inG,62
3RGLhK1IP9jnYFH4BRFJBS,The Clash,6ITuEsxEy2qPhqMowdDAeI,68
51l0uqRxGaczYr4271pVIC,The Bangles,00vYs0qZA40Z8AAaN7xmMO,61
6ZNeppgfBLPUyugks9Yn1u,Philip Bailey,5LYJ631w9ps5h9tdvac7yP,56
1zxDewzd2j1ZdSBGaYcr0y,The Outfield,0WoFs3EdGOx58yX5BtXvOa,64
0f3EsoviYnRKTkmayI3cux,Men At Work,5rfJ2Bq2PEL8yBjZLzouEu,65
7ohlPA8dRBtCf92zaZCaaB,Crowded House,0fiSpF9mvRFQWy0ca64d1g,64
77tT1kLj6mCWtFNqiOmP9H,Daryl Hall & John Oates,7j74lucZ59vqN67Ipe2ZcY,75
6aq8T2RcspxVOGgMrTzjWc,Soft Cell,0cGG2EouYCEEC3xfa0tDFV,63
27T030eWyCQRmDyuvr1kxY,Scorpions,3ovjw5HZZv43SxTwApooCM,71
3eqjTLE0HfPfh78zjh6TqT,Bruce Springsteen,7FwBtcecmlpc1sLySPXeGE,76
0PFtn5NtBbbUNbU9EAmIWF,TOTO,2374M0fQpWi3dLnB54qaLX,72
4lxfqrEsLX6N1N4OCSkILp,Phil Collins,1NCuYqMc8hKMb4cpNTcJbD,74
4Tvos0a5rRrBu4Oodu5f79,Julian Lennon,2SPU97neddixGZ3wCMLAwx,38
0PFtn5NtBbbUNbU9EAmIWF,TOTO,4aVuWgvD0X63hcOCnZtNFA,72
3cniTumSiUysiPWXapGx1i,Cutting Crew,4ByEFOBuLXpCqvO1kw8Wdm,62
3Sz7ZnJQBIHsXLUSo0OQtM,Mac DeMarco,4LpUpiYoZ2M3Z1kmhn4EQo,79
74ASZWbe4lXaubB36ztrGX,Bob Dylan,4uYwlMp841PLJmj1gJJwIq,70
01hRNr3yF5bYnPq4wZ88iI,Tommy James & The Shondells,1vXuYPpkLjn1v06E2EsWQY,53
7bPU7cvfoD20ixGD9Qnqki,Stealers Wheel,3Vby4nGmtbDo7HDJamOWkT,60
4wQ3PyMz3WwJGI5uEqHUVR,Allman Brothers Band,1hHGUdFaiJHw9hVZGJWYO2,61
3JsMj0DEzyWc0VDlHuy9Bx,Supertramp,4a5pNRjwmzYQuEY1E7O6pj,69
1LZEQNv7sE11VDY3SdxQeN,Bee Gees,49OMJ1prsRA7ZYgrAjz70c,76
3IpQziA6YwD53PQ5xbwgLF,Jóhann Jóhannsson,3l8h6urWQ8SxZINH323Zc7,64
25s9H1JQmTu3iuFzpXWUIg,Stephan Moccio,65a1ng2xAbaRbYWsq9H2MH,57
0fauHpmSHwodVYIjTqOGHz,Yiruma,02xd7yuAEiLOF7rt4zlPep,64
3IpQziA6YwD53PQ5xbwgLF,Jóhann Jóhannsson,1G2mAZQL8xfy9wRqC6fY6K,64
2p0UyoPfYfI76PCStuXfOP,Franz Schubert,7oenWdkfvoEySYVc0rH6Cq,63
0Ty63ceoRnnJKVEYP0VQpk,Sting,6CKoWCWAqEVWVjpeoJXyNH,71
4lxfqrEsLX6N1N4OCSkILp,Phil Collins,3iD7f8biGSkrgGB609uzCR,74
4lxfqrEsLX6N1N4OCSkILp,Phil Collins,18AXbzPzBS8Y3AkgSxzJPb,74
1nJvji2KIlWSseXRSlNYsC,The Velvet Underground,11607FzqoipskTsXrwEHnJ,62
6olE6TJLqED3rqDCT0FyPh,Nirvana,3z53rfQOg6Eb5pBCRsd7Uu,80
6olE6TJLqED3rqDCT0FyPh,Nirvana,3tlXDvaNrrOmdvG0XVUOcv,80
6olE6TJLqED3rqDCT0FyPh,Nirvana,7tUtvGeKB2V5W5ms6uBlyC,80
6olE6TJLqED3rqDCT0FyPh,Nirvana,11LmqTE2naFULdEP94AUBa,80
6olE6TJLqED3rqDCT0FyPh,Nirvana,15VRO9CQwMpbqUYA7e6Hwg,80
4bthk9UfsYUYdcFyqxmSUU,Tears For Fears,4RvWPyQ5RL0ao9LPZeSouE,73
7lzordPuZEXxwt9aoVZYmG,Billy Idol,3rQfYDjgpRy5LFlClpPQW9,68
7lzordPuZEXxwt9aoVZYmG,Billy Idol,1gzIbdFnGJ226LTl0Cn2SX,68
776Uo845nYHJpNaStv1Ds4,Jimi Hendrix,2AtnrJEq48pGhlpgS59akM,68
776Uo845nYHJpNaStv1Ds4,Jimi Hendrix,2aoo2jlRnM3A0NyLQqMN2f,68
776Uo845nYHJpNaStv1Ds4,Jimi Hendrix,3XxBSvDZKH5YvZZjTpn6eR,68
1nJvji2KIlWSseXRSlNYsC,The Velvet Underground,2J8Mbdpem8CiSZKRoZOIeG,62
1nJvji2KIlWSseXRSlNYsC,The Velvet Underground,7qOVMMY0couqt76ObwY947,62
1nJvji2KIlWSseXRSlNYsC,The Velvet Underground,5by3w3NXvwDpV9FBSOR35u,62
1nJvji2KIlWSseXRSlNYsC,The Velvet Underground,7JPyEGFLoJIcEkIT0P9SbS,62
1nJvji2KIlWSseXRSlNYsC,The Velvet Underground,63OJHHu2ambZAvdrvhdT2b,62
1nJvji2KIlWSseXRSlNYsC,The Velvet Underground,11VwZwNF29HrqwalYUMitb,62
1nJvji2KIlWSseXRSlNYsC,The Velvet Underground,29engDqjmMr3VLqMm0c0WE,62
7DCnwoFMqGN6eZULdcLZeL,Quicksilver Messenger Service,14hykKy6TC9y6chiptCtje,35
3WrFJ7ztbogyGnTHbHJFl2,The Beatles,3Am0IbOxmvlSXro7N5iSfZ,83
776Uo845nYHJpNaStv1Ds4,Jimi Hendrix,2AxCeJ6PSsBYiTckM0HLY7,68
391oLRVmoTkumiN79HkTWu,Love,1XuccRABkfUVB4FjSVhjL1,47
74oJ4qxwOZvX6oSsu1DGnw,Cream,2K2M0TcglCRLLpFOzKeFZA,62
1CcEgi464SWZsKY5579u7z,Patrick Hernandez,3XIEWK1V9n25PS9Vb6axj5,54
43ZHCT0cAZBISjO8DG9PnE,Elvis Presley,2VGkf2IJXOSWouDhatlH3i,81
6olE6TJLqED3rqDCT0FyPh,Nirvana,551qy5vUgrUfEUc4dCNfht,80
391oLRVmoTkumiN79HkTWu,Love,72GArtMM1PUs0ulr1qkDVD,47
3i9hP422d2KMjaupTzBNVS,The Spencer Davis Group,0XXzChE5NEs2BHosMxeIe3,48
2hO4YtXUFJiUYS2uYFvHNK,Traveling Wilburys,5jCPgpW81gnLJcoYQhFEoZ,58
3WrFJ7ztbogyGnTHbHJFl2,The Beatles,3VbGCXWRiouAq8VyMYN2MI,83
02seUFsFQP7TH4hLrTj77o,Nathaniel Rateliff,7GuLQABAOtHgdebC50HGIl,56
3oDbviiivRWhXwIE8hxkVV,The Beach Boys,2KOt2JrCB720UxIbyzweQo,74
43ZHCT0cAZBISjO8DG9PnE,Elvis Presley,3j4viUIDSuB4xfYYlp3Lpa,81
43ZHCT0cAZBISjO8DG9PnE,Elvis Presley,0hBPeqE8QSHKUFTb8XigQ6,81
2ibPkysx2PXqWLmxFD7jSg,Stray Cats,2SknHmwY6GiOv6aK7YRahd,46
2dyeCWctcFRt3Pha76ONgb,Hank Williams,0WwmFdGXe7Yky4T2J1oqLk,55
43ZHCT0cAZBISjO8DG9PnE,Elvis Presley,6Xo08nQxxlOnbZntJc8ZV7,81
7mEIug7XUlQHikrFxjTWes,Neil Diamond,62AuGbAkt8Ox2IrFFb8GKV,66
1ZikppG9dPedbIgMfnfx8k,Ike Turner,4IiEsxrgzIMdqoN3dwxk6g,26
6Ahm6X9wSKXitavOvu0XzY,Danny & The Juniors,4LcrHUkRmXG3c0YD5VYutn,40
43ZHCT0cAZBISjO8DG9PnE,Elvis Presley,2hWKJO4c9L7kJmX4pBV6j8,81
0a85EJEd3a9RGM9ops09rZ,Billy Lee Riley,6oBF1cp6eqv0QVGJALCyk7,32
19eLuQmk9aCobbVDHc6eek,Louis Armstrong,63kd4m3VFxcJjPVVtbVNAu,73
4xls23Ye9WR9yy3yYMpAMm,Little Richard,0ZvgXNstN4o2ZXPomtBYVp,55
1GpRTQRruGUoxhRYV0RtEv,Crazy Cavan,3blZQACtFvG4fskP1s7sMs,25
52lBOxCxbJg0ttXEW9CQpW,Louis Prima,4tmy6FB76bR5eLmx0zO1mn,59
22bE4uQ6baNwSHPVcDxLCe,The Rolling Stones,49ScE2M6RIqfeHnnP4v94B,78
43ZHCT0cAZBISjO8DG9PnE,Elvis Presley,0apxGgBLcrpFqWVi1mDL5O,81
3yt4IVDHz0luREG9Uf9xrp,The Champs,4RFXxfEbWBPl0W9EDJrJ7s,45
4y6J8jwRAwO4dssiSmN91R,Muddy Waters,5Ow4ULCExmEjvgZ5lTSNnT,54
22JuR9OeENcP54XN5TlNWS,Little Walter,1mzIGcHiEagCiaLKb4YIvM,45
6dUZplQfg5blo0h9HiJ94d,Tommy Flanagan,4weRyxAf8Wxb2KRuJkynmq,43
6dUZplQfg5blo0h9HiJ94d,Tommy Flanagan,2EY3kIJoQllMvd9Jp8intW,43
293zczrfYafIItmnmM3coR,Chuck Berry,1dwg7tCqzs616yYWj6NJ2i,71
293zczrfYafIItmnmM3coR,Chuck Berry,6H7OQEC6V2X0mB0ss3yrI8,71
293zczrfYafIItmnmM3coR,Chuck Berry,6C7aTTCUWRK7dD379yUT3W,71
293zczrfYafIItmnmM3coR,Chuck Berry,32KddGW46wnlpKbl62gqca,71
43ZHCT0cAZBISjO8DG9PnE,Elvis Presley,3M3p4B9xCOFB4WRtqcz38F,81
43ZHCT0cAZBISjO8DG9PnE,Elvis Presley,1RZljuJuHD23UrppF3GkpL,81
43ZHCT0cAZBISjO8DG9PnE,Elvis Presley,2Ug05h8QiVOvCCG2EDfMun,81
43ZHCT0cAZBISjO8DG9PnE,Elvis Presley,5l4AZGLQCZJKEXcKzmJthD,81
43ZHCT0cAZBISjO8DG9PnE,Elvis Presley,6VqCe4PcokSekHPJQaDx0B,81
43ZHCT0cAZBISjO8DG9PnE,Elvis Presley,4zQLZPcTl8hJC5pJtooT3h,81
43ZHCT0cAZBISjO8DG9PnE,Elvis Presley,5AvKhhpwm0bsuuwOz9NI0Q,81
43ZHCT0cAZBISjO8DG9PnE,Elvis Presley,6ePcDDP1t0GHmIQSBd7FwY,81
43ZHCT0cAZBISjO8DG9PnE,Elvis Presley,7noWm4lKCBIiQThaIX5oEK,81
43ZHCT0cAZBISjO8DG9PnE,Elvis Presley,0SSKHTfyUmL8JUQtfpKcfB,81
43ZHCT0cAZBISjO8DG9PnE,Elvis Presley,5j8cflZIx0GwvlkzPImbtK,81
1yjAx9cww4f1QuAaN3dUI2,Desireless,2d8D7uk3tbAThjRkdfrx9c,53
6uothxMWeLWIhsGeF7cyo4,Enya,3VObTAziCKm64udBqry9Ax,70
43ZHCT0cAZBISjO8DG9PnE,Elvis Presley,47gmoUrZV3w20JAnQOZMcO,81
43ZHCT0cAZBISjO8DG9PnE,Elvis Presley,2aAYLg4QVTOBVsP72lAyzE,81
4NgfOZCL9Ml67xzM0xzIvC,Janis Joplin,6Evy14WwFHLIJNxvBMnoX6,61
4J69yWrKwWJgjv3DKTZcGo,Big Brother & The Holding Company,5Z27tZEeC8WBiQvoDpx1Sw,53
4NgfOZCL9Ml67xzM0xzIvC,Janis Joplin,7eYYxblNEZKKeTT0HBQbXO,61
4J69yWrKwWJgjv3DKTZcGo,Big Brother & The Holding Company,6uwJgwm1ipdr7JKNfEjjV1,53
4NgfOZCL9Ml67xzM0xzIvC,Janis Joplin,1IqFh00G2kvvMm8pRMpehA,61
4NgfOZCL9Ml67xzM0xzIvC,Janis Joplin,6tv6EVWMV7AIWi8PhZ0uvO,61
4NgfOZCL9Ml67xzM0xzIvC,Janis Joplin,101mZEbrIPeflaZfsj2PTi,61
4NgfOZCL9Ml67xzM0xzIvC,Janis Joplin,5NXI6TWg0mQRmbGPHzkoHk,61
3WrFJ7ztbogyGnTHbHJFl2,The Beatles,5J2CHimS7dWYMImCHkEFaJ,83
7rpf45DdbpweG51Acze45i,Kay Starr,7loEq2SFFcBnDMZgwO6A4v,59
0iOVhN3tnSvgDbcg25JoJb,Etta James,3QnHWkNMY2mpy494Bis0ly,68
6bR0cgMtkCVpm0I5yrDNzO,Big Mama Thornton,5Oc0vLGWdEWeCqIU8zyELt,41
0iOVhN3tnSvgDbcg25JoJb,Etta James,5RC6D893kdyFTbbXq9G3qZ,68
4pJCawaKSZ40EnxN0YEYw3,Badfinger,0JqDfzUZZi86BoZnx1MPQv,51
36hwOoNPgnsKnhoMBYpJrJ,Slim Harpo,2lvBjTlia0x9GXfnZ3jbui,45
4tX2TplrkIP4v05BNC903e,Heart,4KfSdst7rW39C0sfhArdrz,65
2hl0xAkS2AIRAu23TVMBG1,Kansas,6zeE5tKyr8Nu882DQhhSQI,64
3eqjTLE0HfPfh78zjh6TqT,Bruce Springsteen,0dOg1ySSI7NkpAe89Zo0b9,76
2gCsNOpiBaMNh20jQ5prf0,Buddy Guy,2FtX5tOFUVOyjcGQiuGR8f,51
1h0hOL3bVcYlg4xcSjU7fP,Otis Rush,4Gia17DzXBhYFbYiJj6SyW,41
3Ev1WS21x5Jav9j214A19O,Earl Hooker,6ECnAHxGQilDe32zQqfdz3,38
2RyY5yFlJh6jIPfMDhHgyD,Professor Longhair,2r6Ve8kNEzqg3u45UL0muX,35
3plJVWt88EqjvtuB4ZDRV3,B.B. King,5x7Oxaa9EEIx9nw17CC5yW,61
2qFr8w5sWUITRlzZ9kZotF,Jefferson Airplane,4vpeKl0vMGdAXpZiQB2Dtd,58
5dCuFngSPyOOnTAvrC7v2s,Freddie King,0RTjFVHvqjTdpX2NawwyXI,49
48nwxUvPJZkm8uPa7xMzmj,"Bobby ""Blue"" Bland",4qYHnP5AmKzXbJhciPV8si,49
2fL495wXbHl5EkigVW34vp,Kussondulola,1PaaWCtJ2VTbwFkC2JM5j0,17
2fL495wXbHl5EkigVW34vp,Kussondulola,2TAw3S3uk93NBMiZAv2qH8,17
67ea9eGLXYMsO2eYQRui3w,The Who,5orygsZ5Ga0jEOvftsXqw2,66
3IYUhFvPQItj6xySrBmZkd,Creedence Clearwater Revival,587bVBCHYW5Q2VNRLig4AS,78
485uL27bPomh29R4JmQehQ,Bob Seger,5VbePtZp1at8gH990zVyTI,66
5bDxAyJiTYBat1YnFJhvEK,Joe Walsh,19P4fwkPhE6yVAXApFWDoF,54
01hRNr3yF5bYnPq4wZ88iI,The Jam,250dZY8xYbhHGQpM6bgL52,56
6ra4GIOgCZQZMOaUECftGN,Frank Zappa,6pqWrRF9K2PHpBmmRSIte4,55
6vLlQYujOujIrm7zAKzEdG,Donovan,4RGxUjaCmVtD30pIhtEi7w,54
4y6J8jwRAwO4dssiSmN91R,Muddy Waters,7FDFtgdyzlBN0tUo3boGZe,54
2gCsNOpiBaMNh20jQ5prf0,Buddy Guy,63MynbvINbRgvE2HupTJgF,51
22WZ7M8sxp5THdruNY3gXt,The Doors,6NrDlcZd8UusKh5qyqELGF,71
22WZ7M8sxp5THdruNY3gXt,The Doors,5FlBGGwGuqYmqr0qeBWrxe,71
22WZ7M8sxp5THdruNY3gXt,The Doors,4NpxfFElS8EyrAUdNupEOy,71
22WZ7M8sxp5THdruNY3gXt,The Doors,1E7qCptwRPfvZrIDyDDgjh,71
22WZ7M8sxp5THdruNY3gXt,The Doors,0I060wAAVjhFv28hJ5rpGZ,71
22WZ7M8sxp5THdruNY3gXt,The Doors,1Q5kgpp4pmyGqPwNBzkSrw,71
22WZ7M8sxp5THdruNY3gXt,The Doors,3MFFDRC4wTN9JNGtzXsZlN,71
22WZ7M8sxp5THdruNY3gXt,The Doors,14XWXWv5FoCbFzLksawpEe,71
5BcZ22XONcRoLhTbZRuME1,The Moody Blues,1NeQzAqahRYI09bgLbhVFN,57
1nJvji2KIlWSseXRSlNYsC,The Velvet Underground,3PG7BAJG9WkmNOJOlc4uAo,62
0FZcPgWI3BsFQl4rOAGSHT,Them,0bjW2xJbv5yMUZbesjExos,48
4y6J8jwRAwO4dssiSmN91R,Muddy Waters,7Ak1aR9cK5b4yKHdhIhNVq,54
22WZ7M8sxp5THdruNY3gXt,The Doors,26ZF6lHwjmb9Peq8jdbKUi,71
0zfT626RwO6zN3RDYeRit5,Black Label Society,3UkIDJbMn1zWRI0ttkhUB4,56
3pO5VjZ4wOHCMBXOvbMISG,Antônio Carlos Jobim,28PORYgAQ5vrbwtobRlCoq,67
0yFvXd36g5sNKYDi0Kkvl8,Elis Regina,0PHGV9pWYv91WCeCXhdWye,60
0FMucZsEnCxs5pqBjHjIc8,Stan Getz,5je0CDv1Z1hT82Nek1Fjhl,64
2Kx7MNY7cI1ENniW7vT30N,Norah Jones,5Uy2VG17h0IviBCRkvaOmU,73
0UOrkpzPED604dKzxgfJqg,Rodrigo Amarante,2eeAWekw4VfqvABx96q40R,54
0UOrkpzPED604dKzxgfJqg,Rodrigo Amarante,1wy0VLQFdSZxhYDWuANvp0,54
0UOrkpzPED604dKzxgfJqg,Rodrigo Amarante,6g2BiiVQqY5v1S4HIrM54F,54
3fMbdgg4jU18AjLCKBhRSm,Michael Jackson,4GCGH6TJ69neckwITeBFXK,81
33EUXrFKGjpUSGacqEHhU4,Iggy Pop,1p0P2eieaxzqeBov2oP1VQ,61
33EUXrFKGjpUSGacqEHhU4,Iggy Pop,6ZAwEE4kTdtvyE66iRhFxR,61
3yEnArbNHyTCwMRvD9SBy4,Wolfmother,3CkjLJYnnyOtGk4Jx4iYS4,57
3PhoLpVuITZKcymswpck5b,Elton John,5p9MpS0JdzVfbdJuHwhvqI,83
7lzordPuZEXxwt9aoVZYmG,Billy Idol,0pUVeEgZuNyFzIMKp67RbS,68
2JDzHpbTcm5cu8Ne2SDYo4,Tara Perdida,3ftiFrrCfIUljSWeZ9lRMd,31
2JDzHpbTcm5cu8Ne2SDYo4,Tara Perdida,5WJgfYgFYGBdsXCixolcXa,31
2JDzHpbTcm5cu8Ne2SDYo4,Tara Perdida,3qaWD3zvihT2d9EiGGljuE,31
2JDzHpbTcm5cu8Ne2SDYo4,Tara Perdida,2SDy7OQObjg2u2oSQmkvtp,31
5N5tQ9Dx1h8Od7aRmGj7Fi,Bauhaus,6Q9kdCHXpAef5YbKXKeG9M,53
5N5tQ9Dx1h8Od7aRmGj7Fi,Bauhaus,2wBKNmYONrCxgmHc2HhQ8C,53
27a0GiCba9K9lnkKidroFU,Canned Heat,3xvCFEGjWycuWkgtvnLOI8,54
06nsZ3qSOYZ2hPVIMcr1IN,J.J. Cale,55ROr3cl3yi4YRBgfpDy1d,60
42TFhl7WlMRXiNqzSrnzPL,Lou Reed,4A48NL57P16zSRaq3yoYry,60
4STHEaNw4mPZ2tzheohgXB,Paul McCartney,7zE7VClzAEYa9nUDC950pT,75
22bE4uQ6baNwSHPVcDxLCe,The Rolling Stones,5fXRPS1tp70DbqsBZVyG4e,78
22bE4uQ6baNwSHPVcDxLCe,The Rolling Stones,2u63axjx9VKmFfQNqmpi8a,78
22bE4uQ6baNwSHPVcDxLCe,The Rolling Stones,34OzAaQeAWlFnZBSyUAtRh,78
22bE4uQ6baNwSHPVcDxLCe,The Rolling Stones,4hq0S6wznq7SHDyMOFXL9i,78
22bE4uQ6baNwSHPVcDxLCe,The Rolling Stones,0SojSZcka4j8l8Sl0W9jUZ,78
2iIn8H3l2NNBNHFpYKWbfo,The Kingsmen,0iA3xXSkSCiJywKyo1UKjQ,45
3wYyutjgII8LJVVOLrGI0D,Buddy Holly,7oil08uGIhvyGm6rOWRYAd,56
3wYyutjgII8LJVVOLrGI0D,Buddy Holly,2OARIMw1hpehr86Iwmv04c,56
0cc6vw3VN8YlIcvr1v7tBL,Mötley Crüe,0sSUf59FSVsRZDfSZDNcEj,69
0cc6vw3VN8YlIcvr1v7tBL,Mötley Crüe,2t8hAwOuHbNOl76LBWMU0R,69
0cc6vw3VN8YlIcvr1v7tBL,Mötley Crüe,2cK3p7n7THxcEgzKGZfsuQ,69
0cc6vw3VN8YlIcvr1v7tBL,Mötley Crüe,4NUIdHd04RIUdTmwNVBw5I,69
0cc6vw3VN8YlIcvr1v7tBL,Mötley Crüe,4x2Bo5tiMo9lOOmti4YAvN,69
0cc6vw3VN8YlIcvr1v7tBL,Mötley Crüe,35Aj3CGTmWkjGr4bjYmkk5,69
568ZhdwyaiCyOGJRtNYhWf,Deep Purple,1p2rdOyJKHLuqJR9S3uevx,64
568ZhdwyaiCyOGJRtNYhWf,Deep Purple,07W9HcJyjXPnKQSMbUcWZU,64
7FIoB5PHdrMZVC3q2HE5MS,George Harrison,5DVKAQZ0Z8Nct8CW8t52wd,65
23wr9RJZg0PmYvVFyNkQ4j,Gary Moore,0DnGfA1r8pAssJCuq4ojla,55
7jy3rLJdDQY21OgRLCZ9sD,Foo Fighters,3QmesrvdbPjwf7i40nht1D,77
3JKriihz86XXWpMSRVimNp,A.B. Chediski,3SHST04hhfRBD6QSPPeYRg,25
6zFYqv1mOsgBRQbae3JJ9e,Billy-Joe,4sDMgmdCGm0pnYb7NGuRAs,39
6zFYqv1mOsgBRQbae3JJ9e,Billy-Joe,5LlABQk597k6FT04t0gAJu,39
6zFYqv1mOsgBRQbae3JJ9e,Billy-Joe,5nXFVrNi5gAVIZEJWtmlRv,39
6zFYqv1mOsgBRQbae3JJ9e,Billy-Joe,5OBt4jxqFW3pBCCUo2v4wI,39
3jvyO2jDkfBe2vuI6euFny,Maneli Jamal,5LBLiai59ztwzxaWbS74kh,39
3IYUhFvPQItj6xySrBmZkd,Creedence Clearwater Revival,5k9fH8zWL4WYkQWGpIy21B,78
3IYUhFvPQItj6xySrBmZkd,Creedence Clearwater Revival,2gE95JskwQ1pCACTpGe1Db,78
7lzordPuZEXxwt9aoVZYmG,Billy Idol,4TIJ7zSBNejpoIPaWpWRKc,68
07XSN3sPlIlB2L2XNcTwJw,KISS,0UCg6lnG2MXpuEpf8Pk1MV,71
4hz8tIajF2INpgM0qzPJz2,Rainbow,6xq5DxZWGgdStAxGAil0yw,58
6biWAmrHyiMkX49LkycGqQ,Thin Lizzy,2uLx3Gka9TGCz9Zgu7Uwav,59
4596e2d3KmYzAeVenjCxfj,Free,1gcESexgftSuLuML57Y69q,54
2cnMpRsOVqtPMfq7YiFE6K,Van Halen,0upLyFR8Rr52ZpMp5esQoq,71
6biWAmrHyiMkX49LkycGqQ,Thin Lizzy,09xbhnZy04ek1kpq3SgHYi,59
07XSN3sPlIlB2L2XNcTwJw,KISS,1HBDWCrQVjrALiOA5rILnE,71
5BcZ22XONcRoLhTbZRuME1,The Moody Blues,6L5BZEcZmD6RBJnimzlyKr,57
3WrFJ7ztbogyGnTHbHJFl2,The Beatles,3KiexfmhxHvG5IgAElmTkd,83
2g3PKH7Z1Ofn5oGR6oDjLy,The Sonics,2uXkW8uJcOIhlbUatEPLPs,41
57WXdjUf5Vlq3klNZegeTP,Count Five,5JcaA4A9ZoXthwEnxOxWvP,37
57xdnSVt4ahJCIXYLieQ25,The Troggs,7jGzYUZ2Bgg8BDfYlQRfn8,47
2vDV0T8sxx2ENnKXds75e5,Booker T. & the M.G.'s,4fQMGlCawbTkH9yPPZ49kP,55
74ASZWbe4lXaubB36ztrGX,Bob Dylan,3AhXZa8sUQht0UEdBJgpGc,70
1WRM9i067hd2ujxxi8FI3m,Steppenwolf,3lN8PP6R2IxbLP05QpYXng,60
7mEIug7XUlQHikrFxjTWes,Neil Diamond,7waQASGjvaRBw6jyX3gVZ0,66
7jy3rLJdDQY21OgRLCZ9sD,Foo Fighters,5UWwZ5lm5PKu6eKsHAGxOk,77
1SQRv42e4PjEYfPhS0Tk9E,The Kinks,09Plbz3Ja2gxU9xCsqA5KY,64
4QmkLL9JOqM9dusHS1Hghe,The Searchers,0zABw1PtGYHsU4VDpDZsra,42
1SQRv42e4PjEYfPhS0Tk9E,The Kinks,4fn4imVYZcfM5s4cSCDRTm,64
293zczrfYafIItmnmM3coR,Chuck Berry,3qt3ybU6MScMxMKL2TYBvt,71
3vAaWhdBR38Q02ohXqaNHT,America,5VSAonaAPhhGn0G7hMYwWK,67
3WrFJ7ztbogyGnTHbHJFl2,The Beatles,1Dg4dFJr3HW7sbA7vPejre,83
7CkD6EhsfLIn8UMhw9QsPf,The Centurians,5Hn7uZqDarw5VTNX1XluV3,35
0DAqhikcMKLo2lPADVz2fs,Jay & The Americans,252YuUdUaC5OojaBU0H1CP,48
7kplJl06UmldxLKseURAYi,War,0wva7TtE4QUkKtnMHP9BpT,56
1nJvji2KIlWSseXRSlNYsC,The Velvet Underground,1o6DclZHw0HomxXEQR1ijX,62
4STHEaNw4mPZ2tzheohgXB,Paul McCartney,1Qa0Y05al633fG8f9Peytc,75
4pJCawaKSZ40EnxN0YEYw3,Badfinger,0zK545STj6P7qbFSpCK9pp,51
3WrFJ7ztbogyGnTHbHJFl2,The Beatles,4MLBqAEzNN89o2M9h92Z26,83
6PAt558ZEZl0DmdXlnjMgD,Eric Clapton,27mdmXNcO0gNpXlrWi9DPZ,70
6PAt558ZEZl0DmdXlnjMgD,Eric Clapton,7DiaNCPgH5dJ1cJ925jTAA,70
70cRZdQywnSFp9pnc2WTCE,Simon & Garfunkel,76TZCvJ8GitQ2FA1q5dKu0,70
44NX2ffIYHr6D4n7RaZF7A,Van Morrison,3lh3iiiJeiBXHSZw6u0kh6,71
4TMHGUX5WI7OOm53PqSDAT,Grateful Dead,2EB1aFLWC4uIfld5Z3Yj1z,63
27a0GiCba9K9lnkKidroFU,Canned Heat,1dqv2UXPuIorspg0F9gV04,54
22WZ7M8sxp5THdruNY3gXt,The Doors,5piJiL6aRhvrKBa9YuEfS9,71
2rc78XDH9zuJP6bm78lU8Z,Derek & The Dominos,2kkvB3RNRzwjFdGhaUA0tz,56
2HcwFjNelS49kFbfvMxQYw,Robbie Williams,5fZaORfoLqj4fIRqbHA9Bz,73
2HcwFjNelS49kFbfvMxQYw,Robbie Williams,7MTdv6v3vsmQcVfh7eIaks,73
2HcwFjNelS49kFbfvMxQYw,Robbie Williams,0zaAUrSvMYrBGcLcmWKcxy,73
2HcwFjNelS49kFbfvMxQYw,Robbie Williams,6xwsfXjIXJgJjumbxdJiLi,73
2HcwFjNelS49kFbfvMxQYw,Robbie Williams,7dJPdkMEbbzv0ICpBodzm6,73
2HcwFjNelS49kFbfvMxQYw,Robbie Williams,3cqYpFsUg6JvMwxmJWFAcR,73
2HcwFjNelS49kFbfvMxQYw,Robbie Williams,3EY1sjf2Xq86pQN0L4hEnU,73
2HcwFjNelS49kFbfvMxQYw,Robbie Williams,6mZCiuIXcA12syIS23Dyxa,73
5zaXYwewAXedKNCff45U5l,Dusty Springfield,4RYwE31p4KflK1h7J7m1Yt,65
6mcrZQmgzFGRWf7C0SObou,Frankie Valli,0bfvHnWWOeU1U5XeKyVLbW,61
0MponVSpW81oLvJZ53vYZH,The Marvelettes,3s2inuLbQQZ7z1GJrdlQr6,49
1b1N51wmSK0ckxFAMPSSHO,The Impressions,7ppPgpUdNPbHhuqYwN2SXu,46
1LZEQNv7sE11VDY3SdxQeN,Bee Gees,07PIhdmyYIw8dMeDMsx9FU,76
3plJVWt88EqjvtuB4ZDRV3,Ben E. King,3UCmuRdeTriWgOZMEJsfqZ,65
3koiLjNrgRTNbOwViDipeA,Marvin Gaye,2zF8ro2hX0aEYaqXQdEKW1,73
1b1N51wmSK0ckxFAMPSSHO,The Impressions,4HiOvJ1lASRijDaaqtZQ9N,46
0JDkhL4rjiPNEp92jAgJnS,Roy Orbison,0PkBTqRtN25z3oKasWoKlj,66
7guDJrEfX3qb6FEbdPA5qi,Stevie Wonder,0tURbnatc9qCxlYpXuPK8I,77
3RwQ26hR2tJtA8F9p2n7jG,The Temptations,745H5CctFr12Mo7cqa1BMH,67
4ACplpEqD6JIVgKrafauzs,The Everly Brothers,7dblNGnRXEBrVJunazs2U5,58
6TKOZZDd5uV5KnyC5G4MUt,Smokey Robinson & The Miracles,6QyQmdvQ1ywNccYa0pwLNQ,56
0iOVhN3tnSvgDbcg25JoJb,Etta James,5Zu9mG353GB3p26t7M5AmR,68
1T0wRBO0CK0vK8ouUMqEl5,Tom Jones,5BFWQXNGPYadZxNKxY1UfU,64
0iOVhN3tnSvgDbcg25JoJb,Etta James,7Ca3Zb8wejNYCoei3tlJ9e,68
1CzJJJb6hnx84VNhgaJmFG,Erma Franklin,2GbePPrWWSRxcmW6QRSPae,39
32LHRiof0sa4taYew9i3Fa,Dinah Washington,1c7ELD4W6VyoKTglc4zzUH,58
6hnWRPzGGKiapVX1UCdEAC,Sam Cooke,5Iev69m1Jnf7oc79VvPjpd,67
4sj6D0zlMOl25nprDJBiU9,Andy Williams,24AIahNHzBxm9S12peXbnG,78
673J686eeEXMYJorgQ70lX,The Fleetwoods,2owX09XMfbzBCVLUfJiGqJ,42
3wYyutjgII8LJVVOLrGI0D,Buddy Holly,6NDg4EyQE5lalcCEEpytsM,56
4cPHsZM98sKzmV26wlwD2W,Brenda Lee,60jQTAr2OkFcV4SWSRz3st,78
6bOYtKnpLPQSfMpS2ilotK,Bobby Vinton,4QelFzhVgLomeQhvKrwM1S,50
3plJVWt88EqjvtuB4ZDRV3,Ben E. King,3SdTKo2uVsxFblQjpScoHy,65
3FZn8Z2B7mfaSOU8NE62KR,David Ruffin,4BaAOHT6nF3F8oV7n8OvD1,38
6TKOZZDd5uV5KnyC5G4MUt,Smokey Robinson & The Miracles,3nsJGZ5RV2ZHkbKvD771gU,56
60df5JBRRPcnSpsIMxxwQm,Otis Redding,3zBhihYUHBmGd2bcQIobrF,71
3WrFJ7ztbogyGnTHbHJFl2,The Beatles,3BQHpFgAp4l80e1XslIjNI,83
1FqqOl9itIUpXr4jZPIVoT,The Drifters,65jrjEhWfAvysKfnojk1i0,63
0GbqW5TJr7n4is453VOY4C,Procol Harum,7DsQgIwg23u9gooCxkRTu3,50
5zaXYwewAXedKNCff45U5l,Dusty Springfield,7odHgoLFi3GQ90E9PeraI3,65
3rRmDmzPcAFwcUDvG5gBqO,Percy Sledge,51FpzuGkRYXFgsE2zXt9av,54
3KGQvnOoqUHi3KxKQMZtXr,The Box Tops,6RJK553YhstRzyKA4mug09,51
3oDbviiivRWhXwIE8hxkVV,The Beach Boys,0wz1LjDb9ZNEYwOmDJ3Q4b,74
2NqgE99Ll5vOTvmbN7O2R6,Boy & Bear,0RrPNhHIC7WkLR88xDVKJa,53
3WrFJ7ztbogyGnTHbHJFl2,The Beatles,6dGnYIeXmHdcikdzNNDMm2,83
6PAt558ZEZl0DmdXlnjMgD,Eric Clapton,6lWxIJH0CyUtmFaIAeVmTQ,70
2ScuQMRWThcifBRIvNDFDC,John Mayall,1WDQZWL7W9tQRCZGcrl3Lg,39
6PAt558ZEZl0DmdXlnjMgD,Eric Clapton,0U6wNkZaQUTBrCLbhbbRgS,70
43ZHCT0cAZBISjO8DG9PnE,Elvis Presley,1B5Tp2Ml9nLlmTSJx8xVfI,81
43ZHCT0cAZBISjO8DG9PnE,Elvis Presley,1H5IfYyIIAlgDX8zguUzns,81
49e4v89VmlDcFCMyDv9wQ9,Dean Martin,5I9sHwLDX28tLtzVgKLtpr,80
2P1puQXmG48EVLBrHbum1J,Melody Gardot,7sKHpszyRFBIAT378e6Tkr,58
6KyUat70qaniuiZq63HzFZ,Pink Martini,1sKpay0q1lsH8RgafNzdI1,56
32LHRiof0sa4taYew9i3Fa,Dinah Washington,4ydtQJImyQg6UDFFZBzgxp,58
1eYhYunlNJlDoQhtYBvPsi,Ray Charles,6yMGxqKj0218mFR5KqsMRq,67
19eLuQmk9aCobbVDHc6eek,Louis Armstrong,29U7stRjqHU6rMiS8BfaI9,73
7nwUJBm0HE4ZxD3f5cy5ok,Aretha Franklin,5K09WxKdlkroDyEVyOSySy,70
5V0MlUE1Bft0mbLlND7FJz,Ella Fitzgerald,2U3ENhffoGzWcoYoR0U4Lm,76
3ESG6pj6a0LvUKklENalT6,Doris Day,7M5a2nR7iil4dqR5fMPU3S,60
1eYhYunlNJlDoQhtYBvPsi,Ray Charles,3Z2roouK8msGtMXAS7xWCJ,67
09o5k3t1L2ZxhJBnIERJxT,Los Wembler's de Iquitos,4cil3kLZ7AybYDvG8DSAb8,29
37ZflmHTdxkSLQuT8w9NBs,Criolo,1zvpgSygK37GOotGOgT45f,58
0BzFtDQ64uQV9fjIu1XVom,Los Guaracheros De Oriente,2o34LOZa6tpm0miOhoPbKb,35
3uO6HG2JwyP744sg4PMmg5,Bobby Hutcherson,6QqXTZUL8O3y46rgDEWnsm,36
67PZTxaHKMZBFRUh8wIzCy,John Coltrane Quartet,3gKYq33uHC0FKHp8V7yzFi,53
22WZ7M8sxp5THdruNY3gXt,The Doors,6vCLIvOIabRk1XQfMb6RXi,71
0RSWHhBUwW7lhCqXqxKxWN,Cartola,4M2j1X47FwMozJrnJHnYNm,57
293zczrfYafIItmnmM3coR,Chuck Berry,2QfiRTz5Yc8DdShCxG1tB2,71
293zczrfYafIItmnmM3coR,Chuck Berry,6TXnGAr6DLVYshIrMeP0lZ,71
22bE4uQ6baNwSHPVcDxLCe,The Rolling Stones,1FRP8d6l2jm3DS5f78ZrhK,78
0RPvz5Xb4n2NKXD4GYH0yn,Ronny & The Daytonas,5GvVxxwieOVIlZaCU9bG0R,21
1FqG6mhiJbhbMg43ohCT6D,Bert Jansch,7670Fg67h3y1J22hxEZDjd,42
7bu3H8JO7d0UbMoVzbo70s,The Cure,76GlO5H5RT6g7y0gev86Nk,74
43ZHCT0cAZBISjO8DG9PnE,Elvis Presley,5kB4PT1l3saWMUbtWrrtv0,81
43ZHCT0cAZBISjO8DG9PnE,Elvis Presley,7zMUCLm1TN9o9JlLISztxO,81
3MHaV05u0io8fQbZ2XPtlC,Prince,54X78diSLoUDI3joC2bjMz,69
3eqjTLE0HfPfh78zjh6TqT,Bruce Springsteen,6hTcuIQa0sxrrByu9wTD7s,76
7dnB1wSxbYa8CejeVg98hz,Meat Loaf,2g7gviEeJr6pyxO7G35EWQ,60
6ysQi6NI88X627t2srsWz6,Mott The Hoople,0WNGPpmWqzPnk0psUhJ3SX,44
2cnMpRsOVqtPMfq7YiFE6K,Van Halen,7N3PAbqfTjSEU1edb2tY8j,71
4x1nvY2FN8jxqAFA0DA02H,John Lennon,2BkXpZSvPoUDMLI2Xw9kAL,74
1nJvji2KIlWSseXRSlNYsC,The Velvet Underground,0i19MAZbyn8uTir7FprXId,62
22WZ7M8sxp5THdruNY3gXt,The Doors,2Xdc6qyaFBJZ8QW1KhpVci,71
22WZ7M8sxp5THdruNY3gXt,The Doors,5Q2Im8o4RthlAMkvUMYwGj,71
22WZ7M8sxp5THdruNY3gXt,The Doors,5uvosCdMlFdTXhoazkTI5R,71
22WZ7M8sxp5THdruNY3gXt,The Doors,5UgT7w6zVZjP3oyawMzbiK,71
22WZ7M8sxp5THdruNY3gXt,The Doors,0gWvVB4bGvADocoPMEDy3K,71
5BcZ22XONcRoLhTbZRuME1,The Moody Blues,3T7gFooBRI9cyFPFc7lFNx,57
3JsMj0DEzyWc0VDlHuy9Bx,Supertramp,6XUHsYE38CEbYunT983O9G,69
4x1nvY2FN8jxqAFA0DA02H,John Lennon,4fKhRRYn7F5shZItjJkPJU,74
2M4Yt7oKGoYd0wqU44k4i2,Travis Tritt,1UEKaf3j6eXeNbySz761lc,62
5vngPClqofybhPERIqQMYd,George Strait,4TnUKixNWMfajncgdSwFoi,71
7wCjDgV6nqBsHguQXPAaIM,Waylon Jennings,6vRj1cvJSFVjS0uxHPiFlF,66
3XnO697XIus1M0cMuxZjos,The Oak Ridge Boys,6BjA6FWovt4T2T5ZIW1XJQ,51
2ptmyXoL7poH6Zq62h1QT9,Merle Haggard,2hckAvL66faAcR0Fk64hj6,59
7wCjDgV6nqBsHguQXPAaIM,Waylon Jennings,7nVQ8mo77KaUvhUQzh4vMy,66
5vngPClqofybhPERIqQMYd,George Strait,5QxFcHmC8KjEyTqihiZokY,71
4TMHGUX5WI7OOm53PqSDAT,Grateful Dead,7LbfuQVct78YoghmoPtsQ8,63
4TMHGUX5WI7OOm53PqSDAT,Grateful Dead,3YPBV5DacTbhgh7vharn6w,63
4TMHGUX5WI7OOm53PqSDAT,Grateful Dead,4n9pxaY7bTDMnw9biuCkhu,63
4TMHGUX5WI7OOm53PqSDAT,Grateful Dead,6rLfU9QCwLUMRW5gGG7BWA,63
568ZhdwyaiCyOGJRtNYhWf,Deep Purple,0TCREel6JfYFl9Za1W4Yct,64
3CkvROUTQ6nRi9yQOcsB50,Genesis,5u1ocaFVsRmHEuIVUmouPT,66
2UazAtjfzqBF0Nho2awK4z,Stone Temple Pilots,56wRe5EB4wALkwNjOfqTBn,66
2UazAtjfzqBF0Nho2awK4z,Stone Temple Pilots,0CkspLl535ZxdwCRs8AdZ4,66
2y8Jo9CKhJvtfeKOsYzRdT,Rod Stewart,2lGpbAMsfTZva62F8y1DrN,72
2y8Jo9CKhJvtfeKOsYzRdT,Rod Stewart,3Fq5ppF5r5ZvxaNOQNtLW5,72
5NGO30tJxFlKixkPSgXcFE,The Police,2wnsBaxrmkthIFAm6vqCuX,75
5NGO30tJxFlKixkPSgXcFE,The Police,5MuKkqc8lnzldouHA0MwgL,75
5NGO30tJxFlKixkPSgXcFE,The Police,45BfHifOOhDpyPJn7El1JU,75
5NGO30tJxFlKixkPSgXcFE,The Police,6xK4wLYwSszCXsiPhOhG4I,75
5NGO30tJxFlKixkPSgXcFE,The Police,7Jsli31ZTv3TI28qcXzEkE,75
0mXTJETA4XUa12MmmXxZJh,Eddie Vedder,6e2lt5O6aOUGQ8BWSo0gNr,61
0mXTJETA4XUa12MmmXxZJh,Eddie Vedder,5dktbrwSYVhdi0c7wIcoa3,61
0mXTJETA4XUa12MmmXxZJh,Eddie Vedder,6O3eyIuIDoXHHa1KEVDQpO,61
3RGLhK1IP9jnYFH4BRFJBS,The Clash,5dAxeuDkIkpa6wZpMOuG9i,68
5BcZ22XONcRoLhTbZRuME1,The Moody Blues,4uCFK6Lm1gA3MaIbSRhIfS,57
5BcZ22XONcRoLhTbZRuME1,The Moody Blues,0iGNd4z2m80OjE2JcWmBSs,57
5BcZ22XONcRoLhTbZRuME1,The Moody Blues,3kcaix8VptngsWoYDTqEN2,57
4TMHGUX5WI7OOm53PqSDAT,Grateful Dead,2gdTkM0hL9KQipAx6aUT6L,63
4TMHGUX5WI7OOm53PqSDAT,Grateful Dead,5SWDIe8j5vhBZZkU11Cmjj,63
4TMHGUX5WI7OOm53PqSDAT,Grateful Dead,5vmGZ4645Pyx1vHNBgFGDI,63
70cRZdQywnSFp9pnc2WTCE,Simon & Garfunkel,5MbXzXGbqobR8xPVPs8OXA,70
1GGnADQvJeAIqtrjWc0CFc,Aguaturbia,1kjCyBnjlxZxZv9RNlXBbd,26
3WrFJ7ztbogyGnTHbHJFl2,The Beatles,6Pq9MmkDQYZiiCDpxnvrf6,83
7kWwQAe9JnYNMk4kuEe73S,Cactus,3eMlVhkJzPVdpyngg8Zop6,29
37J1PlAkhRK7yrZUtqaUpQ,Caravan,1UnKocC4TFivzN9TSDnui6,33
16dZsYfKoAqmnt1tyhAPkE,The Savage Resurrection,6yUIyHqIrx854Jief095VE,18
2qFr8w5sWUITRlzZ9kZotF,Jefferson Airplane,0TBntp6t4oS6UXjxikO5n7,58
1lYT0A0LV5DUfxr6doRP3d,The Stone Roses,6JvEXmRh3l2acBzvqavgT9,59
00tVTdpEhQQw1bqdu8RCx2,Blue Öyster Cult,5QTxFnGygVM4jFQiBovmRo,61
67ea9eGLXYMsO2eYQRui3w,The Who,6LbbHFEajG9e4m0G3L47c4,66
4TMHGUX5WI7OOm53PqSDAT,Grateful Dead,6Z2zCs1MpOt6gWJQeUnP0X,63
4TMHGUX5WI7OOm53PqSDAT,Grateful Dead,5ExJq0xcyLIKpyPNEtR1Hy,63
4TMHGUX5WI7OOm53PqSDAT,Grateful Dead,0vynEdnbsrOqAkCV8nVDV9,63
4TMHGUX5WI7OOm53PqSDAT,Grateful Dead,7LDo4ofK0ldQTjgdFS2YVv,63
4TMHGUX5WI7OOm53PqSDAT,Grateful Dead,5VyKZRdxQ3bpgHvqYorbvM,63
4TMHGUX5WI7OOm53PqSDAT,Grateful Dead,2Dm5ota2DMPyl20pOsCQZg,63
6QtGlUje9TIkLrgPZrESuk,Steve Miller Band,2zI3bUYn2pcF27of6i2oqK,66
1gRNBaI4yn6wCCTvRhGWh8,Don McLean,1fDsrQ23eTAVFElUMaf38X,62
711MCceyCBcFnzjGY4Q7Un,AC/DC,2zYzyRzz6pRmhPzyfMEC8s,79
3RGLhK1IP9jnYFH4BRFJBS,The Clash,45xBWOa6oEAk1WlVyr5QAB,68
3RGLhK1IP9jnYFH4BRFJBS,The Clash,2hOi0U15nSrV9ueYLCtvE2,68
3RGLhK1IP9jnYFH4BRFJBS,The Clash,3AySFupxPGQWjauQfFXcr0,68
3RGLhK1IP9jnYFH4BRFJBS,The Clash,1DVZCooCJVp4DmCteQ5XlM,68
3RGLhK1IP9jnYFH4BRFJBS,The Clash,6IMlcKjsIM3l3yXWykTa3y,68
3RGLhK1IP9jnYFH4BRFJBS,The Clash,0jnFDxgNhS156vu6roUVco,68
3RGLhK1IP9jnYFH4BRFJBS,The Clash,744eHv8kvVhIYc4le3NEvt,68
3RGLhK1IP9jnYFH4BRFJBS,The Clash,6wtmql7FJ7SSLuSw8JD8rX,68
3RGLhK1IP9jnYFH4BRFJBS,The Clash,0mlwPYU0ApElSjZN4yA4L9,68
3RGLhK1IP9jnYFH4BRFJBS,The Clash,2rUVY6uXm8J0IEr230B1L1,68
3RGLhK1IP9jnYFH4BRFJBS,The Clash,72boGlgSwUK01n44O2tOCv,68
3RGLhK1IP9jnYFH4BRFJBS,The Clash,31l6t3Jq09uywRTVGbzant,68
3RGLhK1IP9jnYFH4BRFJBS,The Clash,5jzma6gCzYtKB1DbEwFZKH,68
3RGLhK1IP9jnYFH4BRFJBS,The Clash,56KqaFSGTb7ifpt16t5Y1N,68
5NGO30tJxFlKixkPSgXcFE,The Police,1oYYd2gnWZYrt89EBXdFiO,75
3RGLhK1IP9jnYFH4BRFJBS,The Clash,7FYkZkF9fog6WS818wJnhl,68
4TMHGUX5WI7OOm53PqSDAT,Grateful Dead,0BBcbPbTWW8MaLKIDHtsAi,63
36QJpDe2go2KgaRleHCDTp,Led Zeppelin,5hhVpGIBlqAU5yJEOmrk5o,75
5fsDcuclIe8ZiBD5P787K1,Stevie Ray Vaughan,0h4jHdNzUrV9eGR2PT5R8c,60
568ZhdwyaiCyOGJRtNYhWf,Deep Purple,5nQxyQQgU1SQFMf2qEpcje,64
2y8Jo9CKhJvtfeKOsYzRdT,Rod Stewart,5n1amEDwVKucAGMqePk9yN,72
22WZ7M8sxp5THdruNY3gXt,The Doors,4nKmlUaUiUN4rpMGYnUPAu,71
22WZ7M8sxp5THdruNY3gXt,The Doors,4pxHVL0syMQwYK3BxDaTIs,71
6d4jrmreCmsenscuieJERc,The Band,4wqotHffqphGPqkFtJSQ5o,59
6d4jrmreCmsenscuieJERc,The Band,6sJlkqZqUOLXjWKJrDgRmd,59
3eskO5m0H4yiF64vRySBjr,Buffalo Springfield,1qRA5BS78u3gME0loMl9AA,62
4TMHGUX5WI7OOm53PqSDAT,Grateful Dead,0mJQlCl9YgxW7kyeltNiVk,63
3dBVyJ7JuOMt4GE9607Qin,T. Rex,6FsQrRpBLgsrFeAeiQqytm,59
22WZ7M8sxp5THdruNY3gXt,The Doors,14qbY7LbhcXwECCGqH2z7U,71
22WZ7M8sxp5THdruNY3gXt,The Doors,0fzG0n1PEloLvlOFc0GVEZ,71
22WZ7M8sxp5THdruNY3gXt,The Doors,2Sjez1CwJv8Pz018CxKjWa,71
22WZ7M8sxp5THdruNY3gXt,The Doors,6PtRNOkuXALHwogMnc9NCx,71
22WZ7M8sxp5THdruNY3gXt,The Doors,2r63hMQCds09Rf30DrNTav,71
6d4jrmreCmsenscuieJERc,The Band,6GGZMQ6VLnsnpbMcm6xKGy,59
6d4jrmreCmsenscuieJERc,The Band,0jo6RYrOvzGSjtmgf7EEIg,59
6d4jrmreCmsenscuieJERc,The Band,0P7DoyGrr4Wp9w5TotEtUC,59
74ASZWbe4lXaubB36ztrGX,Bob Dylan,4K1imZQQ0yKtJ40vGmUajS,70
4x1nvY2FN8jxqAFA0DA02H,John Lennon,4bN43jYf41eIjJZ3UXQpuA,74
776Uo845nYHJpNaStv1Ds4,Jimi Hendrix,3qebSLgUwaEqbwCM5sj5Kh,68
6DCIj8jNaNpBz8e5oKFPtp,The Cars,0nFKHCf1Ibij8m370l2KlZ,64
0RUEHcBiENFEqxgicqS2ig,The Stranglers,2AX5E86cn9n2dgioZEjirI,55
6hN9F0iuULZYWXppob22Aj,Simple Minds,2x5IXUFOcvvBUtEpnCBNlp,65
49DW3KvkyjHO35mK1JnSyS,The Cult,3qLZ866ZfaK0B0R5FIqXLG,57
0GByy3DcfbQwDvXGCWmzv9,Pretenders,4cMHCRLPNoEbpnl2rz6GS9,65
5BcAKTbp20cv7tC5VqPFoC,R.E.M.,7oYpzJ79R3RAJOfBvUKVjb,72
7C4sUpWGlTy7IANjruj02I,Peter Gabriel,4AUS8KNz7zX8XFu9L38GT0,64
3JsMj0DEzyWc0VDlHuy9Bx,Supertramp,6mHOcVtsHLMuesJkswc0GZ,69
0f3EsoviYnRKTkmayI3cux,Men At Work,3iA4foXIFpekwHyma7pRs1,65
7A9yZMTrFZcgEWAX2kBfK6,Huey Lewis & The News,2olVm1lHicpveMAo4AUDRB,61
22WZ7M8sxp5THdruNY3gXt,The Doors,1MR950KaknDDJ2PyU5NQDa,71
22WZ7M8sxp5THdruNY3gXt,The Doors,1tBMs9Rmw3UMvPJrsXsUyL,71
22WZ7M8sxp5THdruNY3gXt,The Doors,2hdeaGl9nT3UoQIgSqctHj,71
22WZ7M8sxp5THdruNY3gXt,The Doors,2g3JAKjKruTL40VffoGLmg,71
22WZ7M8sxp5THdruNY3gXt,The Doors,6KVM6U9Wcxgjh0jDjoRDgh,71
22WZ7M8sxp5THdruNY3gXt,The Doors,1Jmqubf9kGkWeYQXQKImL5,71
22WZ7M8sxp5THdruNY3gXt,The Doors,13ejmQX8lVzeKijqMWiNO7,71
1LB8qB5BPb3MHQrfkvifXU,Cheap Trick,1JkZg3eMQTmTn93E8Yd3UL,59
3WrFJ7ztbogyGnTHbHJFl2,The Beatles,4pbG9SUmWIvsROVLF0zF9s,83
4F84IBURUo98rz4r61KF70,The White Stripes,3dPQuX8Gs42Y7b454ybpMR,70
7jy3rLJdDQY21OgRLCZ9sD,Foo Fighters,1pXgBjIvALm97lDhroan2E,77
4MVyzYMgTwdP7Z49wAZHx0,Lynyrd Skynyrd,7e89621JPkKaeDSTQ3avtg,71
08GQAI4eElDnROBrJRGE0X,Fleetwood Mac,0ofHAoxe9vBkTCp2UQIavz,80
776Uo845nYHJpNaStv1Ds4,Jimi Hendrix,0wJoRiX5K5BxlqZTolB2LD,68
3RGLhK1IP9jnYFH4BRFJBS,The Clash,39shmbIHICJ2Wxnk1fPSdz,68
2hl0xAkS2AIRAu23TVMBG1,Kansas,4DMKwE2E2iYDKY01C335Uw,64
5M52tdBnJaKSvOpJGz8mfZ,Black Sabbath,3IOQZRcEkplCXg6LofKqE9,72
22bE4uQ6baNwSHPVcDxLCe,The Rolling Stones,6H3kDe7CGoWYBabAeVWGiD,78
2cGwlqi3k18jFpUyTrsR84,The Verve,57iDDD9N9tTWe75x6qhStw,65
07XSN3sPlIlB2L2XNcTwJw,KISS,6KTv0Z8BmVqM7DPxbGzpVC,71
3EhbVgyfGd7HkpsagwL9GS,Alice Cooper,5Z8EDau8uNcP1E8JvmfkZe,62
5BcAKTbp20cv7tC5VqPFoC,R.E.M.,31AOj9sFz2gM0O3hMARRBx,72
5AEG63ajney2BoDXi0Vb84,Bad Company,3KPwt1LBpt1jVSHz8GXERo,57
36QJpDe2go2KgaRleHCDTp,Led Zeppelin,3MODES4TNtygekLl146Dxd,75
1RP2UpEaRzkF0Id3JigqD8,Roger Miller,7CoyMk4h3sG9HFwSuT4bDE,51
7gi3jmwpUpNWdswT8eEprF,Conway Twitty,2h1Xj6D76ygKS3tu9DgIY5,58
2ptmyXoL7poH6Zq62h1QT9,Merle Haggard,6h3YJ05BovN1Pgk145J3r9,59
2FMZn5P3WATd7Il6FgPJNu,Buck Owens,762yvPz59OMgb7gGLws6Vi,48
5iB5AWIa7qreioi0AF3Bxa,The Bellamy Brothers,064SVQsmWl5EF0zahmzkQk,54
776Uo845nYHJpNaStv1Ds4,Jimi Hendrix,5H6Jp0syB5yEPk7SWYdlmk,68
5fsDcuclIe8ZiBD5P787K1,Stevie Ray Vaughan,5XNpdKmlLJPUbwKQceX2tW,60
0oSGxfWSnnOXhD2fKuz2Gy,David Bowie,0iWHMJwpVl46UJ2KZ2IEKt,76
0oSGxfWSnnOXhD2fKuz2Gy,David Bowie,1ipVdOvDm2PrCTWu3T24I2,76
0NqxUSg57tX1o1WG7VU1Vp,Stonewall Jackson,2pVQtg1gfTftOLugm5ENov,35
4bsWHdJkFtq1r3TcXtKGdv,Dave Dudley,1tswBQlL2Bklbb82GHxKoW,43
6uvq6FeVsmhOWfJHxVNeBL,Faron Young,4dim8F8t01qimHOmr6S3Gd,40
1RP2UpEaRzkF0Id3JigqD8,Roger Miller,2X4uFSf7nQPSSwTxw1RRxX,51
1RP2UpEaRzkF0Id3JigqD8,Roger Miller,159pWujPHIbLHoStbgrh6L,51
1RP2UpEaRzkF0Id3JigqD8,Roger Miller,36Ew5C2l5r1GAZifRhp4YG,51
2bA6fzP0lMAQ4kz6CF61w8,Toby Keith,4DLSN6f2Cp5eWIa5Vfn9kj,67
74ASZWbe4lXaubB36ztrGX,Bob Dylan,6HSXNV0b4M4cLJ7ljgVVeh,70
293zczrfYafIItmnmM3coR,Chuck Berry,6FT83pFXKhDlXDsNJFAHWz,71
7bu3H8JO7d0UbMoVzbo70s,The Cure,263aNAQCeFSWipk896byo6,74
64tNsm6TnZe2zpcMVMOoHL,Alice In Chains,7Fm3NhbAYHvTQUhboim9FB,70
64tNsm6TnZe2zpcMVMOoHL,Alice In Chains,7FRfYOql61DGDp9VPPe2qA,70
1Mxqyy3pSjf8kZZL4QVxS0,Frank Sinatra,0K2WjMLZYr09LKwurGRYRE,84
1Mxqyy3pSjf8kZZL4QVxS0,Frank Sinatra,0x0ffSAP6PkdoDgHOfroof,84
1Mxqyy3pSjf8kZZL4QVxS0,Frank Sinatra,3gcX6AddfEnG4SgfltfSUO,84
1Mxqyy3pSjf8kZZL4QVxS0,Frank Sinatra,74VR3AkGPhbYXnxcOYa16x,84
1Mxqyy3pSjf8kZZL4QVxS0,Frank Sinatra,5Z7bkW3dsu8jLdv3dEGxly,84
1Mxqyy3pSjf8kZZL4QVxS0,Frank Sinatra,2WaYW84yWij5NSCpgSeU2R,84
1Mxqyy3pSjf8kZZL4QVxS0,Frank Sinatra,4Z4eU8yoBtBGIQPQrhCFr2,84
1Mxqyy3pSjf8kZZL4QVxS0,Frank Sinatra,2ID3rNM3hFBjqrLcV0Wr0y,84
1Mxqyy3pSjf8kZZL4QVxS0,Frank Sinatra,0elmUoU7eMPwZX1Mw1MnQo,84
1Mxqyy3pSjf8kZZL4QVxS0,Frank Sinatra,2cI7j96n1rfv4RNKuri4or,84
1Mxqyy3pSjf8kZZL4QVxS0,Frank Sinatra,3Fyj22NPIu3kzhpu9KF7Bg,84
1Mxqyy3pSjf8kZZL4QVxS0,Frank Sinatra,0QbRfr3pJtHGxhIpIMYmbN,84
1Mxqyy3pSjf8kZZL4QVxS0,Frank Sinatra,4feXcsElKIVsGwkbnTHAfV,84
6kACVPfCOnqzgfEF5ryl0x,Johnny Cash,76pllrWpfiCoLGhijQBYhO,73
2DaxqgrOhkeH0fpeiQq2f4,Oasis,6TlQ5fbojNRuG0hPQMbxeW,75
74ASZWbe4lXaubB36ztrGX,Bob Dylan,18GiV1BaXzPVYpp9rmOg0E,70
0OdUWJ0sBjDrqHygGUXeCF,Band of Horses,2IvNxLl01CTAfCOA103Tgx,58
43ZHCT0cAZBISjO8DG9PnE,Elvis Presley,2MRJ3Oqb5yAONPvQyoWnQ9,81
3vAaWhdBR38Q02ohXqaNHT,America,4IU1RL4BKvFyXtbTwaHAvW,67
7C4sUpWGlTy7IANjruj02I,Peter Gabriel,1CM1wOqD2AIjt2MWd31LV2,64
4TMHGUX5WI7OOm53PqSDAT,Grateful Dead,5ZLzl6T8JwqMTMdoE0nCbU,63
4tpUmLEVLCGFr93o8hFFIB,Blondie,0a4agFmqHXxcZl1nho1BxM,69
12Chz98pHFMPJEknJQMWvI,Muse,0It6VJoMAare1zdV2wxqZq,73
12Chz98pHFMPJEknJQMWvI,Muse,3skn2lauGk7Dx6bVIt5DVj,73
22bE4uQ6baNwSHPVcDxLCe,The Rolling Stones,5rUwnfuvEebahvFInZB8mC,78
3WrFJ7ztbogyGnTHbHJFl2,The Beatles,3KfbEIOC7YIv90FIfNSZpo,83
2UZMlIwnkgAEDBsw1Rejkn,Tom Petty,2Pr1nZpt8A8WP7QYpyq6L3,70
1KsASRNugxU85T0u6zSg32,Tori Amos,1300POeOaj8qho30FRHjgf,53
4NgNsOXSwIzXlUIJcpnNUp,Sarah McLachlan,3xZMPZQYETEn4hjor3TR1A,63
4RnBFZRiMLRyZy0AzzTg2C,Jewel,0OH8dSQmKm2zjhqRPYsk1h,57
5BcAKTbp20cv7tC5VqPFoC,R.E.M.,4jLv3tDBu8ww2R07DvL12s,72
4Ud7lY9V8pOyydumajSW3O,The Mavericks,0o0QiBgJqMJjaZLSR4aJFj,49
4tX2TplrkIP4v05BNC903e,Heart,5zH710lFSLtkHbMkslLDjR,65
0cc6vw3VN8YlIcvr1v7tBL,Mötley Crüe,65HA9FsYyA2xro9RzNlNmy,69
4tX2TplrkIP4v05BNC903e,Tom Petty and the Heartbreakers,7MRyJPksH3G2cXHN8UKYzP,67
6twIAGnYuIT1pncMAsXnEm,Commodores,1JQ6Xm1JrvHfvAqhl5pwaA,63
2y8Jo9CKhJvtfeKOsYzRdT,Rod Stewart,6rovOdp3HgK1DeAMYDzoA7,72
695W5F2Ih8dYahLdjVOIoH,Christopher Cross,6Rd36fAvK6klQPYgx3534I,62
6TKOZZDd5uV5KnyC5G4MUt,The Robins,0vGyXveSjPnALkLiqfZDOg,24
73sSFVlM6pkweLXE8qw1OS,Ricky Nelson,56XoFI6v7kbGNdM8ALYWof,54
5PSWc8Y94zFsAtZlTe7ipI,The Statler Brothers,3uG4ygD1bIP3YspJm9N4KO,48
39T6qqI0jDtSWWioX8eGJz,The Doobie Brothers,7Ar4G7Ci11gpt6sfH9Cgz5,66
3jrgftS3TYbNxcPt5itKhz,Robbie Dupree,7v5rsCN3LhX9XaIlWyTdx3,42
70cRZdQywnSFp9pnc2WTCE,Simon & Garfunkel,5y788ya4NvwhBznoDIcXwK,70
3sFhA6G1N0gG1pszb6kk1m,Wings,0Oj0TT23GBH2XuHAaSsloH,63
6zFYqv1mOsgBRQbae3JJ9e,Billy Joel,70C4NyhjD5OZUMzvWZ3njJ,75
6DbJi8AcN5ANdtvJcwBSw8,Ringo Starr,1hwN2eAwsXgktvw9Qe8TrP,48
2CvCyf1gEVhI0mX6aFXmVI,Paul Simon,3f0U5NaD1bCk8nmKpn2ZJY,66
22fUk65l9TfTRWwYrn5Mq9,Jahcoustix,6G9NH1wmTkux93eJ2Bf3Vd,29
1XTGADISSMRf8B4TcVGYUC,Ky-Mani Marley,0aAcuVJCmIkgVKzKHGfp1K,56
6xqlgBccdlxUh5DeJSx2ho,Eek-A-Mouse,5iynCtpEY7mx4ou54tHBPH,49
3QJzdZJYIAcoET1GcfpNGi,Damian Marley,6Ja1mjO9WcJFX3LsH22gRk,64
72T7x96EAqN2UWvAgobYfv,Sizzla,2y7cWYengL8yDJQhAkMpgU,53
485uL27bPomh29R4JmQehQ,Bob Seger,6UBjSnyP1O5W5ndJoO9vUk,66
39NR3AUhpbbqKM33vWn2fp,Brothers Osborne,6xrREPyyC5KESDhWfwqHiN,60
2IvkS5MXK0vPGnwyJsrEyV,Eric Church,52ioLaTnO2J7BWY8UN2n9D,71
485uL27bPomh29R4JmQehQ,Bob Seger,1SWmFiFSIBoDbQJjNKC7SR,66
1Tie3AZgLQZqYEp8Fv4zOZ,Wet Wet Wet,0PCGfA36HrVPmsBZJ57zOU,54
2ziB7fzrXBoh1HUPS6sVFn,Audioslave,1XgEg8OYPbVOi7js2LfH7S,66
7t0rwkOPGlDPEhaOcVtOt9,The Cranberries,5kcsc92tGAjS0uvhDY3Mok,73
0MBIKH9DjtBkv8O3nS6szj,"10,000 Maniacs",5v6b9RUk83Z33shcsqt1m3,48
0dlOr0VIysztGWvU1dpjmP,Natalie Imbruglia,1Jaah2tmN9Hv81A87KZ1MU,61
0lJlKQvuM2Sd9DPPyUXcHg,Sixpence None The Richer,754kgU5rWscRTfvlsuEwFp,64
60S1OdBXBk4cCMbOxL2TqX,Pride & Glory,0weWGmHGxmr79MI8ln41CP,30
6jdObwsrIjSRnBbMw6lPBj,Seals and Crofts,3B0ms7Xlxl16tRztKHpcu9,55
36QJpDe2go2KgaRleHCDTp,Led Zeppelin,4ywWJqYKOwaVVh9xXARWUS,75
0CBu2ZuF5503TaauGVk1Go,Ruen Brothers,72qVH7eOSmIT2NpNo9F3e2,32
2gCsNOpiBaMNh20jQ5prf0,Buddy Guy,5MTsZG10E0hTvAkdioyPnw,51
5r1bdqzhgRoHC3YcCV6N5a,The Darkness,0FXIFD0DV5RBb3EytmjUBS,58
1CD77o9fbdyQFrHnUPUEsF,Traffic,4fEwa94nof9y7CByy7Da0X,47
2PfBzriIMRsCXPDtSy9vg8,Rufus Wainwright,4jgIzymHtlUCk3DkjWkvFL,54
14QPRrwRDAiUhdGC6D3VpE,Navajita Platea,1JpZMDDAkfhnrO6nXIQZ2g,46
6SKEuFZYhaTytrhtJjgnO2,Triana,2wMFmpW94vIeMx5ULVcip2,42
3jc496ljiyrS3ECrD7QiqL,Gipsy Kings,5m9nzgMw7mNS5Ry3DhVPIB,64
0r8toju2ecKaVtItkzAnNi,Aleks Syntek,0Qzkm9CSXwK2Fk3Gm0ioDA,63
0yNSzH5nZmHzeE2xn6Xshb,Calle 13,7AIVTgrRcdUW8QBsqNQ33z,66
0yNSzH5nZmHzeE2xn6Xshb,Calle 13,4P6KRRYfVErY3Z5JJyLrMY,66
2UDplVRprMbazU74Hq8OLl,The Jayhawks,4NSswHrRWNM1AEBG0150nR,40
6zFYqv1mOsgBRQbae3JJ9e,Billy Joel,5RgFlk1fcClZd0Y4SGYhqH,75
7hj7ffJe6UkF1gsMpuweSI,Ace,6Wgst4P9SOnc6WGLtfTb1z,44
0ECwFtbIWEVNwjlrfc6xoL,Eagles,608xszaAxVh4m7NcKJiAbF,76
5xk0kRuXn1zToTHpHAqpui,Joseph Williams,3BHWUtCLvTDc7vGK6DY8dS,53
6PAt558ZEZl0DmdXlnjMgD,Eric Clapton,1oar8gdDX5yHWzVstAHDav,70
08GQAI4eElDnROBrJRGE0X,Fleetwood Mac,0hOA8SoraNo2ZP1amtVYnY,80
2y8Jo9CKhJvtfeKOsYzRdT,Rod Stewart,2JWKzkQbYsNzx019WyGzaH,72
2m62cc253Xvd9qYQ8d2X3d,The Alan Parsons Project,39qYD4J4BKvZMQgxfXl5bv,62
70ZTdbPEcEugBNay4MvxfL,Bread,0gZXockVcE7rEhSf4mcGLO,64
4GITZM5LCR2KcdlgEOrNLD,The Foundations,1tfZtA15BfJHQTUy3dqTKC,59
4obzFoKoKRHIphyHzJ35G3,Beck,29i8axWOLDmgbiutJb9prB,64
25mrbNwFzoqPWyYXLhiDRw,Alexi Murdoch,3RPerpXuNznZbCuWYEBz5i,50
4YLtscXsxbVgi031ovDDdh,Chris Stapleton,06gD2ZtK3Dzc1BYqWExQJJ,80
4tpUmLEVLCGFr93o8hFFIB,Blondie,1ssGNcB3gVAXxFOaTcj0nE,69
0mXTJETA4XUa12MmmXxZJh,Eddie Vedder,1bhpBRCLsVg3p7BWARbaDS,61
1ZwdS5xdxEREPySFridCfh,2Pac,6tDxrq4FxEL2q15y37tXT9,78
4YLtscXsxbVgi031ovDDdh,Chris Stapleton,2UikqkwBv7aIvlixeVXHWt,80
4YLtscXsxbVgi031ovDDdh,Chris Stapleton,3K07bGe8iljQ3mOKArHLDo,80
29WzbAQtDnBJF09es0uddn,Corinne Bailey Rae,2nGFzvICaeEWjIrBrL2RAx,62
0Ty63ceoRnnJKVEYP0VQpk,Sting,4zYdvcaguqCfG5IcRLpfd4,71
0Ty63ceoRnnJKVEYP0VQpk,Sting,3KF1EXX2zGfVtGeZKiClB0,71
4TKTii6gnOnUXQHyuo9JaD,Sheryl Crow,7FqDLD2f3VFdCYPCFpNvYq,65
4lxfqrEsLX6N1N4OCSkILp,Phil Collins,4F2t297QK40XFcIHqkmLHs,74
0znpFLuaey34oJTE1jHSnT,Al Stewart,7MTX3vevnm41xuEoPxWT3j,50
1zuJe6b1roixEKMOtyrEak,Tina Turner,2fjJt3OQ8MPaZ3LMzAWiTA,69
0bBz5bRBkExaej2HxtVfCw,347aidan,6Pgmqg15yVexuOgtzuxwoX,62
1w5Kfo2jwwIPruYS2UWh56,Pearl Jam,2D68wN3hwEZFdeui0c5Ar6,73
1w5Kfo2jwwIPruYS2UWh56,Pearl Jam,79pY2Z5eFvXMt9bSdHLrnA,73
7AC976RDJzL2asmZuz7qil,Yes,0GTK6TesV108Jj5D3MHsYb,58
4ACplpEqD6JIVgKrafauzs,The Everly Brothers,0FCLfIht3t2vmX1IgpRi8M,58
4DWX7u8BV0vZIQSpJQQDWU,Alter Bridge,7kxfWvj6u9oWQ5C36kMtGb,59
7mEIug7XUlQHikrFxjTWes,Neil Diamond,4wOKTOwGVrie2GIbCMEe7U,66
34c4iQ5tkaZKu6Sv28BTde,Danzig,1Gt07aYIpl5yJcTbH95s7v,57
2FcC4sDMXme2ziI7tGKMK8,David Gilmour,4G1rzFZNDcReeg9BOpNimT,52
5sD1ZLf2dGQ9gQ3YJl1eAd,Blind Melon,6txWz9UapYHVxEd7dDIHXT,59
30sqtiTKIb1oDve0SdYayT,Anti-Flag,7p2xDNGlBBTQu2YEb6qLqG,49
1tqZaCwM57UFKjWoYwMLrw,The Cardigans,0Ui05Ov0s4PnRc4JI3Pilg,66
2R57sY41L9XvGPiIgHOaYq,The Pretty Reckless,5ZduoKCxXZQT5wmeLxaBRf,58
2R57sY41L9XvGPiIgHOaYq,The Pretty Reckless,3sT5s9NdC6WHXZznl9GoW7,58
2R57sY41L9XvGPiIgHOaYq,The Pretty Reckless,3DIJUTOnsXxq1fxQzFI5xL,58
2R57sY41L9XvGPiIgHOaYq,The Pretty Reckless,2PvKtrV7zmxpcvGuqU8LSR,58
2R57sY41L9XvGPiIgHOaYq,The Pretty Reckless,1Lg55kAU7qG9y9IZ3jTaIG,58
2R57sY41L9XvGPiIgHOaYq,The Pretty Reckless,0XaPN9mU1BgLJZhuCxzc6T,58
2R57sY41L9XvGPiIgHOaYq,The Pretty Reckless,3tPo4KskHgUvu4OKCXAkhC,58
2R57sY41L9XvGPiIgHOaYq,The Pretty Reckless,24W4uqcDvJCer0Eodsu12Z,58
69k6uTSZMPLpSnhmLCiKxQ,Coal Chamber,2UeTAblz0s0olFO9K3rV9M,47
5xUf6j4upBrXZPg6AI4MRK,Soundgarden,1wlKw9NAWVWpx7OIAyg9EA,66
0mXTJETA4XUa12MmmXxZJh,Eddie Vedder,4lxGVzcUaSF5HW5jtWnShV,61
2ziB7fzrXBoh1HUPS6sVFn,Audioslave,3YuaBvuZqcwN3CEAyyoaei,66
3WrFJ7ztbogyGnTHbHJFl2,The Beatles,2EqlS6tkEnglzr7tkKAAYD,83
4opTS86dN9uO313J9CE8xg,Skid Row,0qgrrDnUUhyxpxbBznUnzg,60
1AeC9AuzqGc3IXMC2T5xny,Zakk Wylde,1hicHXy0em2QTARfq61GE0,55
4Ros83hWMCi68biw25Xyxg,Slash's Snakepit,4JiDg5mpadcwg8zWx0bqQz,33
3WrFJ7ztbogyGnTHbHJFl2,The Beatles,5ZBeML7Lf3FMEVviTyvi8l,83
64tNsm6TnZe2zpcMVMOoHL,Alice In Chains,6gZVQvQZOFpzIy3HblJ20F,70
0L8ExT028jH3ddEcZwqJJ5,Red Hot Chili Peppers,0S2nAPnDXy9OGPxI56BFW6,82
49qiE8dj4JuNdpYGRPdKbF,Stone Sour,5NeIONQWJ25uPylJBJiO4c,62
2ziB7fzrXBoh1HUPS6sVFn,Audioslave,1Qdnvn4XlmZANCVy3XjrQo,66
6LG6fIvh2XpjqHUuR7NRtt,Texas Hippie Coalition,0W5tQg5HFfbhUGiGBYmGJX,41
5xUf6j4upBrXZPg6AI4MRK,Soundgarden,2EoOZnxNgtmZaD8uUmz2nD,66
1AeC9AuzqGc3IXMC2T5xny,Zakk Wylde,4TgZB5sw2hqVhWYY4hLA9k,55
64tNsm6TnZe2zpcMVMOoHL,Alice In Chains,0wvIGFIgbyz4JNwQhZgTv2,70
0L8ExT028jH3ddEcZwqJJ5,Red Hot Chili Peppers,3d9DChrdc6BOeFsbrZ3Is0,82
0mXTJETA4XUa12MmmXxZJh,Eddie Vedder,0fzCtVM9D5UEwiLqcY8Ouq,61
5rWh48V4824rLBdMja6sO8,Strike Anywhere,16b6oJWgMFIhMII0zSXgTE,33
7jy3rLJdDQY21OgRLCZ9sD,Foo Fighters,5FZxsHWIvUsmSK1IAvm2pp,77
14pVkFUHDL207LzLHtSA18,Pantera,4vJr55lngvhSM8WIh9CjQc,67
49qiE8dj4JuNdpYGRPdKbF,Stone Sour,5jsDxDkJ1PqyYUWhDMr86B,62
3WrFJ7ztbogyGnTHbHJFl2,The Beatles,7iN1s7xHE4ifF5povM6A48,83
14pVkFUHDL207LzLHtSA18,Pantera,2SgbR6ttzoNlCRGQOKjrop,67
7CHilrn81OdYjkh4uSVnYM,Velvet Revolver,7kF1iPJTj3VFJX9XokQ80F,52
5rWh48V4824rLBdMja6sO8,Strike Anywhere,1nDAlB9sVAeJfMt2rGM0Hi,33
1AeC9AuzqGc3IXMC2T5xny,Zakk Wylde,7rbUOih45k8bk6ahUb7VG3,55
6Wr3hh341P84m3EI8qdn9O,Rise Against,00hVU6kDP67JHurfwG2dtq,69
0zfT626RwO6zN3RDYeRit5,Black Label Society,7jFocb8Sn3y4uF07FsmYAJ,56
1w5Kfo2jwwIPruYS2UWh56,Pearl Jam,5Xak5fmy089t0FYmh3VJiY,73
1AeC9AuzqGc3IXMC2T5xny,Zakk Wylde,5wUtgDjOpjzZ7oBOQvtNDt,55
0zfT626RwO6zN3RDYeRit5,Black Label Society,4APKRaVYRwTvL5AevC1R1C,56
4Cqia9vrAbm7ANXbJGXsTE,Slash,0GnU2sNVI6uP1tlmkVfiEt,56
64tNsm6TnZe2zpcMVMOoHL,Alice In Chains,5sFDReWLrZHLFZFjHsjUTS,70
5xUf6j4upBrXZPg6AI4MRK,Soundgarden,1jMaB19DiVR8OihLSuYFOt,66
5LfGQac0EIXyAN8aUwmNAQ,The Offspring,4EchqUKQ3qAQuRNKmeIpnf,75
7CHilrn81OdYjkh4uSVnYM,Velvet Revolver,6DEQ7nhcQXs1rQuWi2DoLJ,52
0mXTJETA4XUa12MmmXxZJh,Eddie Vedder,3bHhUEOTIbezeZ856R0BX5,61
4Ros83hWMCi68biw25Xyxg,Slash's Snakepit,6yv0PzPhCGOBA9QioNAgFv,33
49qiE8dj4JuNdpYGRPdKbF,Stone Sour,14EORgkbXqIx5K4Haucmnb,62
4opTS86dN9uO313J9CE8xg,Skid Row,4ZpXHlV2vQVfPXUvbDSZ92,60
