GenreId,GenreName
50f5BoytJN3FrlUtDgltO5,Funk Metal
7fxpqs4G8vj3rFYbJnsG7w,Alternative Rock
33TQqUKv3eajMYsetR3ELs,Alternative Rock
1euT3PDzvROfebwCTZieWq,Blues
2Gw3Xa08XleghwGUmNcPLK,Alternative Metal
5EnYdTx0BWhWM5YDcPkGAa,Alternative Metal
4PtZE0h5oyPhCtPjg3NeYQ,Alternative Metal
3Fg4SlOiqKDodVJbAM2Gut,Alternative Rock
3dkIE8P7hvl3tHl9KSb6dA,Chanson
0YMzPd9mYx4txOuCnhYUGU,Acid Rock
4WAyUf6OhPTSnbVUPYzMY9,Acid Rock
2mKj8Em0GLFu8I78yM1CfU,Alternative Rock
6ui6l3ZNvlrGQZArwo8195,Alternative Rock
3LoDeIbiR12sAznmpNEmKA,Alternative Rock
67oVj9wKv1T0effsUcny7A,Heartland Rock
19Ym5Sg0YyOCa6ao21bdoG,Album Rock
6MoQVatTYSlCJ5IHQRWXk7,Album Rock
3Ug96zKa29P3vICEEcYajZ,Adult Standards
7L3b6iaVhDVjfo52Hbvh9Z,Heartland Rock
1SKApv6ZfJ9bkUxeRObJEF,New Wave Pop
0ja1dJM5gBTjk5U9wsMP9r,Acid Rock
5QTKB8UOaBO9zvWr6ap05R,Acid Rock
3uqxwLp7Hs9sJhm4uVF8li,Acid Rock
78JYtz4yOPqAEgZZc3SBLT,Acid Rock
0wepIheFRGnHEDmZwfINp6,Acid Rock
6ToM0uwxtPKo9CMpbPGYvM,Acid Rock
4CIGLBUyPKZzHoYankmQzk,Acid Rock
32bJv8V2Xgi5mtxdPcsi8B,Acid Rock
693TK5ayPnvu3T3VJB4SZJ,Acid Rock
0g1NRq4KmbEYgzaPF7G6CG,Acid Rock
5rMfihaxthEm9rMDSnNk1r,Acid Rock
0lWHA93ERijP8zhqbyoJXg,Acid Rock
7MW3s6XnZua7CNQAfmdGe8,Acid Rock
0y2Vz9T2PImD6YUdMq9Ebl,Acid Rock
5ypTWakSUT3kLLYtbUFGfO,Acid Rock
5hKktjNNyTK8DF81fKc7lD,Portuguese Indie
4wuaLybXodnM3oL8ij1Mq1,Portuguese Indie
22CIOfLZB9z8He7WgHYAgH,Album Rock
6kO5VVgGb9jEZM9cKXoOqc,Soft Rock
4uGIJG1jYFonGc4LGp5uQL,Acid Rock
4dneV7C1yDt9UtyxrQY375,New Wave
63T7DJ1AFDD6Bn8VzG6JE8,Album Rock
2SHTKB8YYlawTGIuJ2b2ok,Grunge
651koV4RRMMX6NDbW1ElwP,Grunge
0Pie5DFAHHxpkONFUsAI6s,Grunge
4IryVI254hGj0J8ND5r8gZ,Grunge
5muVpPu8Fj9fXfDbbqDdrZ,Grunge
4UJmPSJsBsIR1U0N79BU1g,Grunge
1Ic9pKxGSJGM0LKeqf6lGe,Grunge
3bE5slaVEfaDreqARl6k4M,Alternative Metal
7etojJg0JsetC3fSVpU3tX,Alternative Metal
3KhF2YiNpJvGpfiCW45R6D,Album Rock
5Icqjqizh8TnwHdejZQQGQ,Album Rock
3dOfHE5J4Qsj1hJ35vnfn4,Album Rock
54eZmuggBFJbV7k248bTTt,Album Rock
1H7gMYGykdtwZOV6s1N0by,British Invasion
7HKez549fwJQDzx3zLjHKC,Album Rock
4s6LhHAV5SEsOV0lC2tjvJ,Classic Rock
2HEgBBls7l0smWTxPx0MtZ,Lounge
5dUMh0ugelpKfoFp3qChuK,Classic Soul
5op6kdhlMQ4L0KH30GCZ5T,Album Rock
4ObCns6nM6tShx5a5tHiGC,Australian Rock
1L94M3KIu7QluZe63g64rv,Alternative Metal
6hqIXyo6GxydAnoI8XeIrV,Alternative Metal
6NvRxjfYkkT2SpirAlmsjH,Alternative Metal
2RaA6kIcvomt77qlIgGhCT,Album Rock
7iEVmnzJr1V7duYKPWplzp,Album Rock
4vO9dmzNRqDhFY3jD1a3P7,Album Rock
4EHCt5y6B5EMCYg5ujw6RZ,Album Rock
7gQm8pZsxA5eXCZMBGV7CA,Alternative Metal
7jSQaXLzpLHjSQTev2krvT,Orchestral Soundtrack
01LbdbLSELzgqb7QWL5FTN,Canadian Classical
1NhDv99nTtRm37rZpoH7Ix,Orchestral Soundtrack
6zW80jVqLtgSF1yCtGHiiD,Canadian Classical
3bxZsAbXwPNBX4I7b36XRm,Acid Rock
18PhtDBBYxE0vN4YvsZnMy,Album Rock
4YMQXzscifAREG0a7KNGhB,Blues Rock
11DjZQEZ69EXLo77HVj6yW,Classic Rock
01PnRJeFSeOgIpBuv1kQKd,Classic Rock
4BP3uh0hFLFRb5cjsgLqDh,Classic Rock
5sVf9kN90ScddiT3SdT9Qh,Glam Metal
0G21yYKMZoHa30cYVi1iA8,Glam Metal
0xaNdYwK8ZF3cHSjraQGC0,Glam Metal
67q0QsfLcTa2SqhP2wQbia,Glam Metal
0DMRKqrpd0QO4RWiEdMib0,British Soul
7F5rIyOI88zk36AiBXC8xq,British Soul
7MDfN1ldfTMtuXXdVz2Pzc,British Soul
3FAclTFfvUuQYnEsptbK8w,British Soul
1nWccj9gU34OmDYL63pTFS,Alternative Rock
1klrDyGRsCBPofZdqdaZp6,Alternative Metal
2QjkH9q5Mypj6m38u7Ni9o,Alternative Metal
4uc4dKehCiytR5NLTSGJXu,Alternative Metal
2lBqGHtGLD5FGeJJYNKbGS,Alternative Metal
3SFXsFpeGmBTtQvKiwYMDA,Alternative Metal
6gnvB7ejTWObv3d2xdCaL4,Alternative Metal
6qLEOZvf5gI7kWE63JE7p3,Alternative Metal
2JuasWPUodaUxf5nwNpciQ,Alternative Metal
0UuNO0yYvsMPlyLF7RfQlg,German Metal
1vcZBUX6P6FHXzG2mUfmCE,Glam Rock
7txxAtOMwLLnQTpKeBL6bp,Alternative Metal
7eGzVWupgsJNJflKTGX7Lq,Reggae Fusion
0oPII5OCjKPgwq9WmDKk6t,Reggae Fusion
3NkIfsiFHnljGrlXSD2AJ3,Reggae Fusion
1efuoLEUL1K0D96d63svRO,Reggae
7Dy4H2LB7mqHm9hLmSBdpL,German Reggae
2eDdFHgqNJltzlvlZFVDWd,Album Rock
49C6EGQhCUSgyADHYvJ7ez,Album Rock
5CQ30WqJwcep0pYcV4AMNc,Album Rock
7oI0UewzZ7PS0ljPxDqh5g,Album Rock
0QwZfbw26QeUoIy82Z2jYp,Album Rock
0DYCw5AZIX3S11QQUiPiqN,Berlin School
1soxeK1ZBX9SsSjK4j4ECa,Album Rock
2GpBrAoCwt48fxjgjlzMd4,Album Rock
7pKfPomDEeI4TPT6EOYjn9,Classic Rock
7FtRUrOEDUHTvenvp1BqZo,Album Rock
0lwZD32VPco1d0B7I4ejtQ,Album Rock
40h65HAR8COEoqkMwUUQHu,Album Rock
4Wd9pEtEnZNDjgiswGOpJb,Album Rock
0q21FNwES2bbtcduB6kjEU,Soft Rock
7gSQv1OHpkIoAdUiRLdmI6,Album Rock
73TxYZd0lBCVRrHawrAglA,Album Rock
3oSl41e3rfJXanYvIufE23,Album Rock
22uJJ5jk87Ts6R79Ly9uji,Album Rock
1GOdYykgw2W0OcjPANvwgE,Album Rock
3qCHUm73I3o5F1mDEfibzo,British Blues
0jtz7Ia3HahOqXWnKad0rn,Acoustic Blues
3EYOJ48Et32uATr9ZmLnAo,Album Rock
00xoWyJseWkKwOfpajm8dY,Album Rock
4nXkbcTj3nyww1cHkw5RAP,Album Rock
5p3JunprHCxClJjOmcLV8G,Classic Rock
1WYokrkFOb9TFVuTrmxTTt,Album Rock
389QX9Q1eUOEZ19vtzzI9O,British Invasion
4YXKKnIZuk7UtXH5oC0ffa,Blues
62uLNJgVZaFiEiKV4LpoYJ,Album Rock
5cENc0N9NpJJB7FggcMjyS,Blues
0lJ8EaAeHeBux57hvDaQmM,Album Rock
6poYscuLQG8hvpxNnyeMUV,British Folk
2JbS4ZDBIUcXavA9mfb2nC,Album Rock
12aMcjaJouseW0rzAlu34q,Classic Garage Rock
2bD8JWzDBOnSeUcsjVU2SD,Album Rock
3k3eu6dnokyqCk2UD6GID3,Album Rock
16VhHtoaOjTU4AJBNSBNQ1,Album Rock
5Zbxc0wu95kL74YEhMzUmL,Album Rock
1rHvKz5JPpCf9IJDHsyX8P,Album Rock
47bXIv24jthL4vzZy3j7CY,Album Rock
47p2NnvtB2xG9MhTcQpcs0,Classic Psychedelic Rock
0YCyXedYGnoaAOdirCzOR3,Blues
5DUWIeIriroyHEbPdqxEFG,Blues
4fP9hwZKpP7BiEoMOTecHm,Blues
3oaSvU9VBBmyfPA4lbibQM,Album Rock
3iJ3aUaosOAdlVbAIJGwao,Album Rock
0uco0wQkB909zpPlHvu5Cc,Acid Rock
1XyWR4W4RW6sIlVZCRIf9i,Bubblegum Pop
3hgVJGSwCFY8M84FavQwdD,Folk
31Tp5iKrVUayn65qhg06nE,New Wave
0tZ3mElWcr74OOhKEiNz1x,Alternative Metal
4A065x9kJt955eGVqf813g,Alternative Metal
77YKoNCjP5hWqiXMRG2839,Alternative Rock
1ndGB6rvxKYN9seCYO1dTF,Alternative Rock
0lP4HYLmvowOKdsQ7CVkuq,Modern Rock
15Trb1S2FDZSMLDzWfnlbg,Irish Rock
2zbGXr2XCcRR40R7ymEENc,Acid Rock
6G3NoUqDpqD3Rgfel2pD6s,Blues
5IyL3XOaRPpTgxVjRIAxXU,Art Rock
4fPBB44eDH71YohayI4eKV,Alternative Rock
4IvZLDtwBHmBmwgDIUbuwa,Alternative Rock
2AdRSHeYmDGMrgIfiS2w7K,Madchester
5OkKOkdVTKFrYi6GWXkMzR,Adult Standards
3YKptz29AsOlm7WAVnztBh,British Soul
11fNLqDB47gMKj7BHhR2Qr,Adult Standards
64Ny7djQ6rNJspquof2KoX,Rock-and-roll
5b1jXYUOgAX5QAHXPVHdld,Rock-and-roll
6vUPPEN2V2lZ78b6DyEIjZ,Post-grunge
1G391cbiT3v3Cywg8T7DM1,Alternative Rock
3RptaQ5Xb8WvtpItZ2f9Hi,Alternative Metal
5ihS6UUlyQAfmp48eSkxuQ,Album Rock
2tUBqZG2AbRi7Q0BIrVrEj,Dance Pop
3ZZq9396zv8pcn5GYVhxUi,Album Rock
1iUgrte2PxLxQ6Te95RnAV,Rock-and-roll
0KOE1hat4SIer491XKk4Pa,Classic Soul
4Hhv2vrOTy89HFRcjU3QOx,Jazz Blues
0tOeNmw9K0pwwKbrYJz9iq,Britpop
0TdAVKULjn3z2BRjrx3Hl2,Britpop
3CFSER4CPZ1qwDa2DGuLOX,Britpop
2OUPZheGd8XbNQwBMImYnI,Madchester
7hm4HTk9encxT0LYC0J6oI,Alternative Rock
2qOm7ukLyHUXWyR4ZWLwxA,Conscious Hip Hop
7lwvxYumAEo10lzAplRGXM,Hard Rock
2CtemffYhT0DJWcT1XW047,Hard Rock
4sebUbjqbcgDSwG6PbSGI0,Modern Alternative Rock
58ge6dfP91o9oXMzq3XkIS,Garage Rock
3Ty7OTBNSigGEpeW2PqcsC,Alternative Rock
0SaRvx9eYudSCQYNjuCQKX,Alternative Rock
4PAR0Zp6Mbu3p6NKYClgBr,Alternative Dance
1ewqpUUSLANb3jjc4UI8uX,Soundtrack
3DHuFJY6nkvGiS0h4V2U35,Alternative Rock
0qxYx4F3vm1AOnfux6dDxP,Classic Rock
4wGSg2Qqpt2sGCWuAZj6EN,Dance Rock
4CoSCPlKNrWli7E5kFtbcl,Album Rock
2fdfsGuqb6SBX5ocoBWHUd,Alternative Rock
2EzTLbGTRB1tD47jN509wc,Soft Rock
6zC0mpGYwbNTpk9SKwh08f,Album Rock
52VIdyKqp1pJRSyUQaxKUA,Folk Rock
5cbZDpFu1hTwaU7hDQpf13,Adult Standards
6INw1Yp2DPTG23oMIyOvj7,Opm
0KMGxYKeUzK9wc5DZCt3HT,Album Rock
6gAhuDvn8Ef6P710UMze9W,Soft Rock
4jDmJ51x1o9NZB5Nxxc7gY,New Wave Pop
5nDSJO4909uNzMcZH3CggS,Album Rock
1HDaENkQhUMm16pjdxZvHn,Canadian Pop
7Ewz6bJ97vUqk5HdkvguFQ,Canadian Pop
1gVgkQFOKa8Wc1HYsJtPdH,Funk Metal
1M9IJNLfirBmrNAzzhJN3j,Adult Standards
4yA2SM7XCLkSgkBUSoZb5S,Britpop
2lFFiNm0XtgJ6wkdncTB4k,Album Rock
2AMwxuBy5vJfm4jzGSD1HS,Australian Rock
7DFawVSjI88xR9mjnWwURg,British Soul
1yg7fwwYmx9DQ2TdXUmfpJ,British Soul
7wuJGgpTNzbUyn26IOY6rj,Europop
6fkvIT9KFKxO8poBeKfaEf,Rock Drums
5oE6INocVL9viDow5y8QNM,Permanent Wave
7o9uu2GDtVDr9nsR7ZRN73,Dance Pop
7w5AOd6HrDIHewHfpABEss,Mellow Gold
0TN3CFZuYzAWQCV9N3pVPN,Alternative Metal
6DmfWj5kOa1fX8AwN9byOn,Acid Rock
4BVE5tIIpYabZcYCbephNW,Acid Rock
2qmHhaOmlcKDeGfipGhF1j,Reggae
1veACzkH4SkgD8g5DlFXb3,Portuguese Indie
0sRuPIWvz2TljkZiizBTIw,Portuguese Indie
5EkfBtKj3ikNaknxJAEqRG,Portuguese Indie
5CeL9C3bsoe4yzYS1Qz8cw,Alternative Rock
1FTSo4v6BOZH9QxKc3MbVM,Alternative Rock
1i5oEx2vFczQ2sCY3c6Kn5,Album Rock
3pGBIgFdfdnjtHDJR4nbrR,Album Rock
2qhASBzpbFhPRtrnZ5lLnz,Adult Standards
1xsYj84j7hUDDnTTerGWlH,Album Rock
5y0YreEOnQiKFAnCrcFIXz,Classic Rock
77hitAMfc6USq4gkpwthV8,Album Rock
3ziJFd6JeioC8Xfct0UXpJ,Adult Standards
0z3Voyxi0FH0SQBc7c4wri,Italian Adult Pop
2DjWsDGgL1xNbhnr7f6t5F,Folk
2oJTBb2IyQZqEG3cTFRbLz,Europop
0dfAHJmRg7JtCbitsageQG,Baroque
2sqhid2MBYJCZWPrLjsUbP,Baroque
6JkDThoofgbKj59ykGwRph,Baroque
3Txpk5H7P3Qc2ny1KlcWCW,Baroque
5AW6hac4JAKu0ygmZUw7HF,Baroque
6hleUCx3E4gB2urwRvx1QT,Baroque Pop
1xKQbqQtQWrtQS47fUJBtl,Blues Rock
3Xls4cNOwy01dtrNXb1inG,Album Rock
6ITuEsxEy2qPhqMowdDAeI,Alternative Rock
00vYs0qZA40Z8AAaN7xmMO,Album Rock
5LYJ631w9ps5h9tdvac7yP,Yacht Rock
0WoFs3EdGOx58yX5BtXvOa,Album Rock
5rfJ2Bq2PEL8yBjZLzouEu,Album Rock
0fiSpF9mvRFQWy0ca64d1g,Australian Rock
7j74lucZ59vqN67Ipe2ZcY,Album Rock
0cGG2EouYCEEC3xfa0tDFV,New Romantic
3ovjw5HZZv43SxTwApooCM,Album Rock
7FwBtcecmlpc1sLySPXeGE,Heartland Rock
2374M0fQpWi3dLnB54qaLX,Album Rock
1NCuYqMc8hKMb4cpNTcJbD,Rock Drums
2SPU97neddixGZ3wCMLAwx,Beatlesque
4aVuWgvD0X63hcOCnZtNFA,Album Rock
4ByEFOBuLXpCqvO1kw8Wdm,Album Rock
4LpUpiYoZ2M3Z1kmhn4EQo,Edmonton Indie
4uYwlMp841PLJmj1gJJwIq,Classic Rock
1vXuYPpkLjn1v06E2EsWQY,Bubblegum Pop
3Vby4nGmtbDo7HDJamOWkT,Folk Rock
1hHGUdFaiJHw9hVZGJWYO2,Album Rock
4a5pNRjwmzYQuEY1E7O6pj,Album Rock
49OMJ1prsRA7ZYgrAjz70c,Disco
3l8h6urWQ8SxZINH323Zc7,Compositional Ambient
65a1ng2xAbaRbYWsq9H2MH,Background Piano
02xd7yuAEiLOF7rt4zlPep,Korean Instrumental
1G2mAZQL8xfy9wRqC6fY6K,Compositional Ambient
7oenWdkfvoEySYVc0rH6Cq,Classical
6CKoWCWAqEVWVjpeoJXyNH,Permanent Wave
3iD7f8biGSkrgGB609uzCR,Rock Drums
18AXbzPzBS8Y3AkgSxzJPb,Rock Drums
11607FzqoipskTsXrwEHnJ,Alternative Rock
3z53rfQOg6Eb5pBCRsd7Uu,Grunge
3tlXDvaNrrOmdvG0XVUOcv,Grunge
7tUtvGeKB2V5W5ms6uBlyC,Grunge
11LmqTE2naFULdEP94AUBa,Grunge
15VRO9CQwMpbqUYA7e6Hwg,Grunge
4RvWPyQ5RL0ao9LPZeSouE,New Romantic
3rQfYDjgpRy5LFlClpPQW9,Album Rock
1gzIbdFnGJ226LTl0Cn2SX,Album Rock
2AtnrJEq48pGhlpgS59akM,Acid Rock
2aoo2jlRnM3A0NyLQqMN2f,Acid Rock
3XxBSvDZKH5YvZZjTpn6eR,Acid Rock
2J8Mbdpem8CiSZKRoZOIeG,Alternative Rock
7qOVMMY0couqt76ObwY947,Alternative Rock
5by3w3NXvwDpV9FBSOR35u,Alternative Rock
7JPyEGFLoJIcEkIT0P9SbS,Alternative Rock
63OJHHu2ambZAvdrvhdT2b,Alternative Rock
11VwZwNF29HrqwalYUMitb,Alternative Rock
29engDqjmMr3VLqMm0c0WE,Alternative Rock
14hykKy6TC9y6chiptCtje,Acid Rock
3Am0IbOxmvlSXro7N5iSfZ,British Invasion
2AxCeJ6PSsBYiTckM0HLY7,Acid Rock
1XuccRABkfUVB4FjSVhjL1,Acid Rock
2K2M0TcglCRLLpFOzKeFZA,Album Rock
3XIEWK1V9n25PS9Vb6axj5,Disco
2VGkf2IJXOSWouDhatlH3i,Rock-and-roll
551qy5vUgrUfEUc4dCNfht,Grunge
72GArtMM1PUs0ulr1qkDVD,Acid Rock
0XXzChE5NEs2BHosMxeIe3,British Blues
5jCPgpW81gnLJcoYQhFEoZ,Album Rock
3VbGCXWRiouAq8VyMYN2MI,British Invasion
7GuLQABAOtHgdebC50HGIl,Indie Folk
2KOt2JrCB720UxIbyzweQo,Baroque Pop
3j4viUIDSuB4xfYYlp3Lpa,Rock-and-roll
0hBPeqE8QSHKUFTb8XigQ6,Rock-and-roll
2SknHmwY6GiOv6aK7YRahd,Instrumental Surf
0WwmFdGXe7Yky4T2J1oqLk,Country
6Xo08nQxxlOnbZntJc8ZV7,Rock-and-roll
62AuGbAkt8Ox2IrFFb8GKV,Adult Standards
4IiEsxrgzIMdqoN3dwxk6g,Rock-and-roll
4LcrHUkRmXG3c0YD5VYutn,Doo-wop
2hWKJO4c9L7kJmX4pBV6j8,Rock-and-roll
6oBF1cp6eqv0QVGJALCyk7,Arkansas Country
63kd4m3VFxcJjPVVtbVNAu,Adult Standards
0ZvgXNstN4o2ZXPomtBYVp,Blues
3blZQACtFvG4fskP1s7sMs,Rockabilly
4tmy6FB76bR5eLmx0zO1mn,Adult Standards
49ScE2M6RIqfeHnnP4v94B,Album Rock
0apxGgBLcrpFqWVi1mDL5O,Rock-and-roll
4RFXxfEbWBPl0W9EDJrJ7s,Surf Music
5Ow4ULCExmEjvgZ5lTSNnT,Blues
1mzIGcHiEagCiaLKb4YIvM,Blues
4weRyxAf8Wxb2KRuJkynmq,Bebop
2EY3kIJoQllMvd9Jp8intW,Bebop
1dwg7tCqzs616yYWj6NJ2i,Blues
6H7OQEC6V2X0mB0ss3yrI8,Blues
6C7aTTCUWRK7dD379yUT3W,Blues
32KddGW46wnlpKbl62gqca,Blues
3M3p4B9xCOFB4WRtqcz38F,Rock-and-roll
1RZljuJuHD23UrppF3GkpL,Rock-and-roll
2Ug05h8QiVOvCCG2EDfMun,Rock-and-roll
5l4AZGLQCZJKEXcKzmJthD,Rock-and-roll
6VqCe4PcokSekHPJQaDx0B,Rock-and-roll
4zQLZPcTl8hJC5pJtooT3h,Rock-and-roll
5AvKhhpwm0bsuuwOz9NI0Q,Rock-and-roll
6ePcDDP1t0GHmIQSBd7FwY,Rock-and-roll
7noWm4lKCBIiQThaIX5oEK,Rock-and-roll
0SSKHTfyUmL8JUQtfpKcfB,Rock-and-roll
5j8cflZIx0GwvlkzPImbtK,Rock-and-roll
2d8D7uk3tbAThjRkdfrx9c,French Synthpop
3VObTAziCKm64udBqry9Ax,Celtic
47gmoUrZV3w20JAnQOZMcO,Rock-and-roll
2aAYLg4QVTOBVsP72lAyzE,Rock-and-roll
6Evy14WwFHLIJNxvBMnoX6,Album Rock
5Z27tZEeC8WBiQvoDpx1Sw,Blues Rock
7eYYxblNEZKKeTT0HBQbXO,Album Rock
6uwJgwm1ipdr7JKNfEjjV1,Blues Rock
1IqFh00G2kvvMm8pRMpehA,Album Rock
6tv6EVWMV7AIWi8PhZ0uvO,Album Rock
101mZEbrIPeflaZfsj2PTi,Album Rock
5NXI6TWg0mQRmbGPHzkoHk,Album Rock
5J2CHimS7dWYMImCHkEFaJ,British Invasion
7loEq2SFFcBnDMZgwO6A4v,Torch Song
3QnHWkNMY2mpy494Bis0ly,Jazz Blues
5Oc0vLGWdEWeCqIU8zyELt,Acoustic Blues
5RC6D893kdyFTbbXq9G3qZ,Jazz Blues
0JqDfzUZZi86BoZnx1MPQv,Album Rock
2lvBjTlia0x9GXfnZ3jbui,Acoustic Blues
4KfSdst7rW39C0sfhArdrz,Album Rock
6zeE5tKyr8Nu882DQhhSQI,Album Rock
0dOg1ySSI7NkpAe89Zo0b9,Heartland Rock
2FtX5tOFUVOyjcGQiuGR8f,Blues
4Gia17DzXBhYFbYiJj6SyW,Blues
6ECnAHxGQilDe32zQqfdz3,Blues
2r6Ve8kNEzqg3u45UL0muX,Boogie-woogie
5x7Oxaa9EEIx9nw17CC5yW,Blues
4vpeKl0vMGdAXpZiQB2Dtd,Acid Rock
0RTjFVHvqjTdpX2NawwyXI,Acoustic Blues
4qYHnP5AmKzXbJhciPV8si,Soul Blues
1PaaWCtJ2VTbwFkC2JM5j0,Portuguese Rock
2TAw3S3uk93NBMiZAv2qH8,Portuguese Rock
5orygsZ5Ga0jEOvftsXqw2,Album Rock
587bVBCHYW5Q2VNRLig4AS,Classic Rock
5VbePtZp1at8gH990zVyTI,Album Rock
19P4fwkPhE6yVAXApFWDoF,Album Rock
250dZY8xYbhHGQpM6bgL52,Mod Revival
6pqWrRF9K2PHpBmmRSIte4,Art Rock
4RGxUjaCmVtD30pIhtEi7w,British Folk
7FDFtgdyzlBN0tUo3boGZe,Blues
63MynbvINbRgvE2HupTJgF,Blues
6NrDlcZd8UusKh5qyqELGF,Acid Rock
5FlBGGwGuqYmqr0qeBWrxe,Acid Rock
4NpxfFElS8EyrAUdNupEOy,Acid Rock
1E7qCptwRPfvZrIDyDDgjh,Acid Rock
0I060wAAVjhFv28hJ5rpGZ,Acid Rock
1Q5kgpp4pmyGqPwNBzkSrw,Acid Rock
3MFFDRC4wTN9JNGtzXsZlN,Acid Rock
14XWXWv5FoCbFzLksawpEe,Acid Rock
1NeQzAqahRYI09bgLbhVFN,Album Rock
3PG7BAJG9WkmNOJOlc4uAo,Alternative Rock
0bjW2xJbv5yMUZbesjExos,British Blues
7Ak1aR9cK5b4yKHdhIhNVq,Blues
26ZF6lHwjmb9Peq8jdbKUi,Acid Rock
3UkIDJbMn1zWRI0ttkhUB4,Alternative Metal
28PORYgAQ5vrbwtobRlCoq,Bossa Nova
0PHGV9pWYv91WCeCXhdWye,Bossa Nova
5je0CDv1Z1hT82Nek1Fjhl,Bebop
5Uy2VG17h0IviBCRkvaOmU,Contemporary Vocal Jazz
2eeAWekw4VfqvABx96q40R,Nova Mpb
1wy0VLQFdSZxhYDWuANvp0,Nova Mpb
6g2BiiVQqY5v1S4HIrM54F,Nova Mpb
4GCGH6TJ69neckwITeBFXK,R&b
1p0P2eieaxzqeBov2oP1VQ,Alternative Rock
6ZAwEE4kTdtvyE66iRhFxR,Alternative Rock
3CkjLJYnnyOtGk4Jx4iYS4,Alternative Rock
5p9MpS0JdzVfbdJuHwhvqI,Glam Rock
0pUVeEgZuNyFzIMKp67RbS,Album Rock
3ftiFrrCfIUljSWeZ9lRMd,Portuguese Rock
5WJgfYgFYGBdsXCixolcXa,Portuguese Rock
3qaWD3zvihT2d9EiGGljuE,Portuguese Rock
2SDy7OQObjg2u2oSQmkvtp,Portuguese Rock
6Q9kdCHXpAef5YbKXKeG9M,Alternative Rock
2wBKNmYONrCxgmHc2HhQ8C,Alternative Rock
3xvCFEGjWycuWkgtvnLOI8,Blues
55ROr3cl3yi4YRBgfpDy1d,Blues
4A48NL57P16zSRaq3yoYry,Classic Rock
7zE7VClzAEYa9nUDC950pT,Classic Rock
5fXRPS1tp70DbqsBZVyG4e,Album Rock
2u63axjx9VKmFfQNqmpi8a,Album Rock
34OzAaQeAWlFnZBSyUAtRh,Album Rock
4hq0S6wznq7SHDyMOFXL9i,Album Rock
0SojSZcka4j8l8Sl0W9jUZ,Album Rock
0iA3xXSkSCiJywKyo1UKjQ,Classic Garage Rock
7oil08uGIhvyGm6rOWRYAd,Classic Rock
2OARIMw1hpehr86Iwmv04c,Classic Rock
0sSUf59FSVsRZDfSZDNcEj,Album Rock
2t8hAwOuHbNOl76LBWMU0R,Album Rock
2cK3p7n7THxcEgzKGZfsuQ,Album Rock
4NUIdHd04RIUdTmwNVBw5I,Album Rock
4x2Bo5tiMo9lOOmti4YAvN,Album Rock
35Aj3CGTmWkjGr4bjYmkk5,Album Rock
1p2rdOyJKHLuqJR9S3uevx,Album Rock
07W9HcJyjXPnKQSMbUcWZU,Album Rock
5DVKAQZ0Z8Nct8CW8t52wd,Album Rock
0DnGfA1r8pAssJCuq4ojla,Blues Rock
3QmesrvdbPjwf7i40nht1D,Alternative Metal
3SHST04hhfRBD6QSPPeYRg,Instrumental Acoustic Guitar
4sDMgmdCGm0pnYb7NGuRAs,Instrumental Acoustic Guitar
5LlABQk597k6FT04t0gAJu,Instrumental Acoustic Guitar
5nXFVrNi5gAVIZEJWtmlRv,Instrumental Acoustic Guitar
5OBt4jxqFW3pBCCUo2v4wI,Instrumental Acoustic Guitar
5LBLiai59ztwzxaWbS74kh,Chill Guitar
5k9fH8zWL4WYkQWGpIy21B,Classic Rock
2gE95JskwQ1pCACTpGe1Db,Classic Rock
4TIJ7zSBNejpoIPaWpWRKc,Album Rock
0UCg6lnG2MXpuEpf8Pk1MV,Glam Rock
6xq5DxZWGgdStAxGAil0yw,Album Rock
2uLx3Gka9TGCz9Zgu7Uwav,Album Rock
1gcESexgftSuLuML57Y69q,Album Rock
0upLyFR8Rr52ZpMp5esQoq,Album Rock
09xbhnZy04ek1kpq3SgHYi,Album Rock
1HBDWCrQVjrALiOA5rILnE,Glam Rock
6L5BZEcZmD6RBJnimzlyKr,Album Rock
3KiexfmhxHvG5IgAElmTkd,British Invasion
2uXkW8uJcOIhlbUatEPLPs,Classic Garage Rock
5JcaA4A9ZoXthwEnxOxWvP,Classic Garage Rock
7jGzYUZ2Bgg8BDfYlQRfn8,British Invasion
4fQMGlCawbTkH9yPPZ49kP,Blues
3AhXZa8sUQht0UEdBJgpGc,Classic Rock
3lN8PP6R2IxbLP05QpYXng,Acid Rock
7waQASGjvaRBw6jyX3gVZ0,Adult Standards
5UWwZ5lm5PKu6eKsHAGxOk,Alternative Metal
09Plbz3Ja2gxU9xCsqA5KY,Album Rock
0zABw1PtGYHsU4VDpDZsra,British Invasion
4fn4imVYZcfM5s4cSCDRTm,Album Rock
3qt3ybU6MScMxMKL2TYBvt,Blues
5VSAonaAPhhGn0G7hMYwWK,Album Rock
1Dg4dFJr3HW7sbA7vPejre,British Invasion
5Hn7uZqDarw5VTNX1XluV3,Surf Music
252YuUdUaC5OojaBU0H1CP,Bubblegum Pop
0wva7TtE4QUkKtnMHP9BpT,Classic Soul
1o6DclZHw0HomxXEQR1ijX,Alternative Rock
1Qa0Y05al633fG8f9Peytc,Classic Rock
0zK545STj6P7qbFSpCK9pp,Album Rock
4MLBqAEzNN89o2M9h92Z26,British Invasion
27mdmXNcO0gNpXlrWi9DPZ,Album Rock
7DiaNCPgH5dJ1cJ925jTAA,Album Rock
76TZCvJ8GitQ2FA1q5dKu0,Classic Rock
3lh3iiiJeiBXHSZw6u0kh6,Classic Rock
2EB1aFLWC4uIfld5Z3Yj1z,Cosmic American
1dqv2UXPuIorspg0F9gV04,Blues
5piJiL6aRhvrKBa9YuEfS9,Acid Rock
2kkvB3RNRzwjFdGhaUA0tz,Album Rock
5fZaORfoLqj4fIRqbHA9Bz,Dance Rock
7MTdv6v3vsmQcVfh7eIaks,Dance Rock
0zaAUrSvMYrBGcLcmWKcxy,Dance Rock
6xwsfXjIXJgJjumbxdJiLi,Dance Rock
7dJPdkMEbbzv0ICpBodzm6,Dance Rock
3cqYpFsUg6JvMwxmJWFAcR,Dance Rock
3EY1sjf2Xq86pQN0L4hEnU,Dance Rock
6mZCiuIXcA12syIS23Dyxa,Dance Rock
4RYwE31p4KflK1h7J7m1Yt,Adult Standards
0bfvHnWWOeU1U5XeKyVLbW,Adult Standards
3s2inuLbQQZ7z1GJrdlQr6,Classic Girl Group
7ppPgpUdNPbHhuqYwN2SXu,Chicago Soul
07PIhdmyYIw8dMeDMsx9FU,Disco
3UCmuRdeTriWgOZMEJsfqZ,Rock-and-roll
2zF8ro2hX0aEYaqXQdEKW1,Classic Soul
4HiOvJ1lASRijDaaqtZQ9N,Chicago Soul
0PkBTqRtN25z3oKasWoKlj,Adult Standards
0tURbnatc9qCxlYpXuPK8I,Motown
745H5CctFr12Mo7cqa1BMH,Memphis Soul
7dblNGnRXEBrVJunazs2U5,Adult Standards
6QyQmdvQ1ywNccYa0pwLNQ,Classic Soul
5Zu9mG353GB3p26t7M5AmR,Jazz Blues
5BFWQXNGPYadZxNKxY1UfU,Adult Standards
7Ca3Zb8wejNYCoei3tlJ9e,Jazz Blues
2GbePPrWWSRxcmW6QRSPae,Southern Soul
1c7ELD4W6VyoKTglc4zzUH,Jazz Blues
5Iev69m1Jnf7oc79VvPjpd,Classic Soul
24AIahNHzBxm9S12peXbnG,Adult Standards
2owX09XMfbzBCVLUfJiGqJ,Doo-wop
6NDg4EyQE5lalcCEEpytsM,Classic Rock
60jQTAr2OkFcV4SWSRz3st,Adult Standards
4QelFzhVgLomeQhvKrwM1S,Adult Standards
3SdTKo2uVsxFblQjpScoHy,Rock-and-roll
4BaAOHT6nF3F8oV7n8OvD1,Classic Soul
3nsJGZ5RV2ZHkbKvD771gU,Classic Soul
3zBhihYUHBmGd2bcQIobrF,Classic Soul
3BQHpFgAp4l80e1XslIjNI,British Invasion
65jrjEhWfAvysKfnojk1i0,Adult Standards
7DsQgIwg23u9gooCxkRTu3,Album Rock
7odHgoLFi3GQ90E9PeraI3,Adult Standards
51FpzuGkRYXFgsE2zXt9av,Classic Soul
6RJK553YhstRzyKA4mug09,Bubblegum Pop
0wz1LjDb9ZNEYwOmDJ3Q4b,Baroque Pop
0RrPNhHIC7WkLR88xDVKJa,Australian Indie
6dGnYIeXmHdcikdzNNDMm2,British Invasion
6lWxIJH0CyUtmFaIAeVmTQ,Album Rock
1WDQZWL7W9tQRCZGcrl3Lg,Blues
0U6wNkZaQUTBrCLbhbbRgS,Album Rock
1B5Tp2Ml9nLlmTSJx8xVfI,Rock-and-roll
1H5IfYyIIAlgDX8zguUzns,Rock-and-roll
5I9sHwLDX28tLtzVgKLtpr,Adult Standards
7sKHpszyRFBIAT378e6Tkr,Contemporary Vocal Jazz
1sKpay0q1lsH8RgafNzdI1,Lounge
4ydtQJImyQg6UDFFZBzgxp,Jazz Blues
6yMGxqKj0218mFR5KqsMRq,Classic Soul
29U7stRjqHU6rMiS8BfaI9,Adult Standards
5K09WxKdlkroDyEVyOSySy,Classic Soul
2U3ENhffoGzWcoYoR0U4Lm,Adult Standards
7M5a2nR7iil4dqR5fMPU3S,Adult Standards
3Z2roouK8msGtMXAS7xWCJ,Classic Soul
4cil3kLZ7AybYDvG8DSAb8,Chicha
1zvpgSygK37GOotGOgT45f,Afrobeat Brasileiro
2o34LOZa6tpm0miOhoPbKb,Bolero Cubano
6QqXTZUL8O3y46rgDEWnsm,Contemporary Post-bop
3gKYq33uHC0FKHp8V7yzFi,Bebop
6vCLIvOIabRk1XQfMb6RXi,Acid Rock
4M2j1X47FwMozJrnJHnYNm,Bossa Nova
2QfiRTz5Yc8DdShCxG1tB2,Blues
6TXnGAr6DLVYshIrMeP0lZ,Blues
1FRP8d6l2jm3DS5f78ZrhK,Album Rock
5GvVxxwieOVIlZaCU9bG0R,Classic Garage Rock
7670Fg67h3y1J22hxEZDjd,British Folk
76GlO5H5RT6g7y0gev86Nk,New Wave
5kB4PT1l3saWMUbtWrrtv0,Rock-and-roll
7zMUCLm1TN9o9JlLISztxO,Rock-and-roll
54X78diSLoUDI3joC2bjMz,Funk
6hTcuIQa0sxrrByu9wTD7s,Heartland Rock
2g7gviEeJr6pyxO7G35EWQ,Album Rock
0WNGPpmWqzPnk0psUhJ3SX,Glam Rock
7N3PAbqfTjSEU1edb2tY8j,Album Rock
2BkXpZSvPoUDMLI2Xw9kAL,Classic Rock
0i19MAZbyn8uTir7FprXId,Alternative Rock
2Xdc6qyaFBJZ8QW1KhpVci,Acid Rock
5Q2Im8o4RthlAMkvUMYwGj,Acid Rock
5uvosCdMlFdTXhoazkTI5R,Acid Rock
5UgT7w6zVZjP3oyawMzbiK,Acid Rock
0gWvVB4bGvADocoPMEDy3K,Acid Rock
3T7gFooBRI9cyFPFc7lFNx,Album Rock
6XUHsYE38CEbYunT983O9G,Album Rock
4fKhRRYn7F5shZItjJkPJU,Classic Rock
1UEKaf3j6eXeNbySz761lc,Contemporary Country
4TnUKixNWMfajncgdSwFoi,Contemporary Country
6vRj1cvJSFVjS0uxHPiFlF,Classic Texas Country
6BjA6FWovt4T2T5ZIW1XJQ,Classic Country Pop
2hckAvL66faAcR0Fk64hj6,Bakersfield Sound
7nVQ8mo77KaUvhUQzh4vMy,Classic Texas Country
5QxFcHmC8KjEyTqihiZokY,Contemporary Country
7LbfuQVct78YoghmoPtsQ8,Cosmic American
3YPBV5DacTbhgh7vharn6w,Cosmic American
4n9pxaY7bTDMnw9biuCkhu,Cosmic American
6rLfU9QCwLUMRW5gGG7BWA,Cosmic American
0TCREel6JfYFl9Za1W4Yct,Album Rock
5u1ocaFVsRmHEuIVUmouPT,Album Rock
56wRe5EB4wALkwNjOfqTBn,Alternative Metal
0CkspLl535ZxdwCRs8AdZ4,Alternative Metal
2lGpbAMsfTZva62F8y1DrN,Mellow Gold
3Fq5ppF5r5ZvxaNOQNtLW5,Mellow Gold
2wnsBaxrmkthIFAm6vqCuX,Album Rock
5MuKkqc8lnzldouHA0MwgL,Album Rock
45BfHifOOhDpyPJn7El1JU,Album Rock
6xK4wLYwSszCXsiPhOhG4I,Album Rock
7Jsli31ZTv3TI28qcXzEkE,Album Rock
6e2lt5O6aOUGQ8BWSo0gNr,Acoustic Rock
5dktbrwSYVhdi0c7wIcoa3,Acoustic Rock
6O3eyIuIDoXHHa1KEVDQpO,Acoustic Rock
5dAxeuDkIkpa6wZpMOuG9i,Alternative Rock
4uCFK6Lm1gA3MaIbSRhIfS,Album Rock
0iGNd4z2m80OjE2JcWmBSs,Album Rock
3kcaix8VptngsWoYDTqEN2,Album Rock
2gdTkM0hL9KQipAx6aUT6L,Cosmic American
5SWDIe8j5vhBZZkU11Cmjj,Cosmic American
5vmGZ4645Pyx1vHNBgFGDI,Cosmic American
5MbXzXGbqobR8xPVPs8OXA,Classic Rock
1kjCyBnjlxZxZv9RNlXBbd,Chilean Rock
6Pq9MmkDQYZiiCDpxnvrf6,British Invasion
3eMlVhkJzPVdpyngg8Zop6,Blues Rock
1UnKocC4TFivzN9TSDnui6,Canterbury Scene
6yUIyHqIrx854Jief095VE,Classic Garage Rock
0TBntp6t4oS6UXjxikO5n7,Acid Rock
6JvEXmRh3l2acBzvqavgT9,Britpop
5QTxFnGygVM4jFQiBovmRo,Album Rock
6LbbHFEajG9e4m0G3L47c4,Album Rock
6Z2zCs1MpOt6gWJQeUnP0X,Cosmic American
5ExJq0xcyLIKpyPNEtR1Hy,Cosmic American
0vynEdnbsrOqAkCV8nVDV9,Cosmic American
7LDo4ofK0ldQTjgdFS2YVv,Cosmic American
5VyKZRdxQ3bpgHvqYorbvM,Cosmic American
2Dm5ota2DMPyl20pOsCQZg,Cosmic American
2zI3bUYn2pcF27of6i2oqK,Album Rock
1fDsrQ23eTAVFElUMaf38X,Classic Rock
2zYzyRzz6pRmhPzyfMEC8s,Australian Rock
45xBWOa6oEAk1WlVyr5QAB,Alternative Rock
2hOi0U15nSrV9ueYLCtvE2,Alternative Rock
3AySFupxPGQWjauQfFXcr0,Alternative Rock
1DVZCooCJVp4DmCteQ5XlM,Alternative Rock
6IMlcKjsIM3l3yXWykTa3y,Alternative Rock
0jnFDxgNhS156vu6roUVco,Alternative Rock
744eHv8kvVhIYc4le3NEvt,Alternative Rock
6wtmql7FJ7SSLuSw8JD8rX,Alternative Rock
0mlwPYU0ApElSjZN4yA4L9,Alternative Rock
2rUVY6uXm8J0IEr230B1L1,Alternative Rock
72boGlgSwUK01n44O2tOCv,Alternative Rock
31l6t3Jq09uywRTVGbzant,Alternative Rock
5jzma6gCzYtKB1DbEwFZKH,Alternative Rock
56KqaFSGTb7ifpt16t5Y1N,Alternative Rock
1oYYd2gnWZYrt89EBXdFiO,Album Rock
7FYkZkF9fog6WS818wJnhl,Alternative Rock
0BBcbPbTWW8MaLKIDHtsAi,Cosmic American
5hhVpGIBlqAU5yJEOmrk5o,Album Rock
0h4jHdNzUrV9eGR2PT5R8c,Album Rock
5nQxyQQgU1SQFMf2qEpcje,Album Rock
5n1amEDwVKucAGMqePk9yN,Mellow Gold
4nKmlUaUiUN4rpMGYnUPAu,Acid Rock
4pxHVL0syMQwYK3BxDaTIs,Acid Rock
4wqotHffqphGPqkFtJSQ5o,Blues Rock
6sJlkqZqUOLXjWKJrDgRmd,Blues Rock
1qRA5BS78u3gME0loMl9AA,Album Rock
0mJQlCl9YgxW7kyeltNiVk,Cosmic American
6FsQrRpBLgsrFeAeiQqytm,Classic Rock
14qbY7LbhcXwECCGqH2z7U,Acid Rock
0fzG0n1PEloLvlOFc0GVEZ,Acid Rock
2Sjez1CwJv8Pz018CxKjWa,Acid Rock
6PtRNOkuXALHwogMnc9NCx,Acid Rock
2r63hMQCds09Rf30DrNTav,Acid Rock
6GGZMQ6VLnsnpbMcm6xKGy,Blues Rock
0jo6RYrOvzGSjtmgf7EEIg,Blues Rock
0P7DoyGrr4Wp9w5TotEtUC,Blues Rock
4K1imZQQ0yKtJ40vGmUajS,Classic Rock
4bN43jYf41eIjJZ3UXQpuA,Classic Rock
3qebSLgUwaEqbwCM5sj5Kh,Acid Rock
0nFKHCf1Ibij8m370l2KlZ,Album Rock
2AX5E86cn9n2dgioZEjirI,Glam Rock
2x5IXUFOcvvBUtEpnCBNlp,Album Rock
3qLZ866ZfaK0B0R5FIqXLG,Album Rock
4cMHCRLPNoEbpnl2rz6GS9,Album Rock
7oYpzJ79R3RAJOfBvUKVjb,Alternative Rock
4AUS8KNz7zX8XFu9L38GT0,Album Rock
6mHOcVtsHLMuesJkswc0GZ,Album Rock
3iA4foXIFpekwHyma7pRs1,Album Rock
2olVm1lHicpveMAo4AUDRB,Album Rock
1MR950KaknDDJ2PyU5NQDa,Acid Rock
1tBMs9Rmw3UMvPJrsXsUyL,Acid Rock
2hdeaGl9nT3UoQIgSqctHj,Acid Rock
2g3JAKjKruTL40VffoGLmg,Acid Rock
6KVM6U9Wcxgjh0jDjoRDgh,Acid Rock
1Jmqubf9kGkWeYQXQKImL5,Acid Rock
13ejmQX8lVzeKijqMWiNO7,Acid Rock
1JkZg3eMQTmTn93E8Yd3UL,Album Rock
4pbG9SUmWIvsROVLF0zF9s,British Invasion
3dPQuX8Gs42Y7b454ybpMR,Alternative Rock
1pXgBjIvALm97lDhroan2E,Alternative Metal
7e89621JPkKaeDSTQ3avtg,Album Rock
0ofHAoxe9vBkTCp2UQIavz,Album Rock
0wJoRiX5K5BxlqZTolB2LD,Acid Rock
39shmbIHICJ2Wxnk1fPSdz,Alternative Rock
4DMKwE2E2iYDKY01C335Uw,Album Rock
3IOQZRcEkplCXg6LofKqE9,Album Rock
6H3kDe7CGoWYBabAeVWGiD,Album Rock
57iDDD9N9tTWe75x6qhStw,Britpop
6KTv0Z8BmVqM7DPxbGzpVC,Glam Rock
5Z8EDau8uNcP1E8JvmfkZe,Album Rock
31AOj9sFz2gM0O3hMARRBx,Alternative Rock
3KPwt1LBpt1jVSHz8GXERo,Album Rock
3MODES4TNtygekLl146Dxd,Album Rock
7CoyMk4h3sG9HFwSuT4bDE,Classic Country Pop
2h1Xj6D76ygKS3tu9DgIY5,Arkansas Country
6h3YJ05BovN1Pgk145J3r9,Bakersfield Sound
762yvPz59OMgb7gGLws6Vi,Bakersfield Sound
064SVQsmWl5EF0zahmzkQk,Classic Country Pop
5H6Jp0syB5yEPk7SWYdlmk,Acid Rock
5XNpdKmlLJPUbwKQceX2tW,Album Rock
0iWHMJwpVl46UJ2KZ2IEKt,Art Rock
1ipVdOvDm2PrCTWu3T24I2,Art Rock
2pVQtg1gfTftOLugm5ENov,Classic Country Pop
1tswBQlL2Bklbb82GHxKoW,Classic Country Pop
4dim8F8t01qimHOmr6S3Gd,Classic Country Pop
2X4uFSf7nQPSSwTxw1RRxX,Classic Country Pop
159pWujPHIbLHoStbgrh6L,Classic Country Pop
36Ew5C2l5r1GAZifRhp4YG,Classic Country Pop
4DLSN6f2Cp5eWIa5Vfn9kj,Classic Oklahoma Country
6HSXNV0b4M4cLJ7ljgVVeh,Classic Rock
6FT83pFXKhDlXDsNJFAHWz,Blues
263aNAQCeFSWipk896byo6,New Wave
7Fm3NhbAYHvTQUhboim9FB,Alternative Metal
7FRfYOql61DGDp9VPPe2qA,Alternative Metal
0K2WjMLZYr09LKwurGRYRE,Adult Standards
0x0ffSAP6PkdoDgHOfroof,Adult Standards
3gcX6AddfEnG4SgfltfSUO,Adult Standards
74VR3AkGPhbYXnxcOYa16x,Adult Standards
5Z7bkW3dsu8jLdv3dEGxly,Adult Standards
2WaYW84yWij5NSCpgSeU2R,Adult Standards
4Z4eU8yoBtBGIQPQrhCFr2,Adult Standards
2ID3rNM3hFBjqrLcV0Wr0y,Adult Standards
0elmUoU7eMPwZX1Mw1MnQo,Adult Standards
2cI7j96n1rfv4RNKuri4or,Adult Standards
3Fyj22NPIu3kzhpu9KF7Bg,Adult Standards
0QbRfr3pJtHGxhIpIMYmbN,Adult Standards
4feXcsElKIVsGwkbnTHAfV,Adult Standards
76pllrWpfiCoLGhijQBYhO,Arkansas Country
6TlQ5fbojNRuG0hPQMbxeW,Beatlesque
18GiV1BaXzPVYpp9rmOg0E,Classic Rock
2IvNxLl01CTAfCOA103Tgx,Chamber Pop
2MRJ3Oqb5yAONPvQyoWnQ9,Rock-and-roll
4IU1RL4BKvFyXtbTwaHAvW,Album Rock
1CM1wOqD2AIjt2MWd31LV2,Album Rock
5ZLzl6T8JwqMTMdoE0nCbU,Cosmic American
0a4agFmqHXxcZl1nho1BxM,Candy Pop
0It6VJoMAare1zdV2wxqZq,Alternative Rock
3skn2lauGk7Dx6bVIt5DVj,Alternative Rock
5rUwnfuvEebahvFInZB8mC,Album Rock
3KfbEIOC7YIv90FIfNSZpo,British Invasion
2Pr1nZpt8A8WP7QYpyq6L3,Album Rock
1300POeOaj8qho30FRHjgf,Dark Pop
3xZMPZQYETEn4hjor3TR1A,Canadian Pop
0OH8dSQmKm2zjhqRPYsk1h,Alaska Indie
4jLv3tDBu8ww2R07DvL12s,Alternative Rock
0o0QiBgJqMJjaZLSR4aJFj,Neo-traditional Country
5zH710lFSLtkHbMkslLDjR,Album Rock
65HA9FsYyA2xro9RzNlNmy,Album Rock
7MRyJPksH3G2cXHN8UKYzP,Album Rock
1JQ6Xm1JrvHfvAqhl5pwaA,Adult Standards
6rovOdp3HgK1DeAMYDzoA7,Mellow Gold
6Rd36fAvK6klQPYgx3534I,Mellow Gold
0vGyXveSjPnALkLiqfZDOg,Doo-wop
56XoFI6v7kbGNdM8ALYWof,Adult Standards
3uG4ygD1bIP3YspJm9N4KO,Country
7Ar4G7Ci11gpt6sfH9Cgz5,Album Rock
7v5rsCN3LhX9XaIlWyTdx3,Yacht Rock
5y788ya4NvwhBznoDIcXwK,Classic Rock
0Oj0TT23GBH2XuHAaSsloH,Album Rock
70C4NyhjD5OZUMzvWZ3njJ,Album Rock
1hwN2eAwsXgktvw9Qe8TrP,Classic Rock
3f0U5NaD1bCk8nmKpn2ZJY,Classic Rock
6G9NH1wmTkux93eJ2Bf3Vd,German Reggae
0aAcuVJCmIkgVKzKHGfp1K,Reggae
5iynCtpEY7mx4ou54tHBPH,Dub
6Ja1mjO9WcJFX3LsH22gRk,Reggae
2y7cWYengL8yDJQhAkMpgU,Dancehall
6UBjSnyP1O5W5ndJoO9vUk,Album Rock
6xrREPyyC5KESDhWfwqHiN,Contemporary Country
52ioLaTnO2J7BWY8UN2n9D,Contemporary Country
1SWmFiFSIBoDbQJjNKC7SR,Album Rock
0PCGfA36HrVPmsBZJ57zOU,Boy Band
1XgEg8OYPbVOi7js2LfH7S,Alternative Metal
5kcsc92tGAjS0uvhDY3Mok,Irish Rock
5v6b9RUk83Z33shcsqt1m3,Ectofolk
1Jaah2tmN9Hv81A87KZ1MU,Dance Pop
754kgU5rWscRTfvlsuEwFp,Lilith
0weWGmHGxmr79MI8ln41CP,Southern Metal
3B0ms7Xlxl16tRztKHpcu9,Album Rock
4ywWJqYKOwaVVh9xXARWUS,Album Rock
72qVH7eOSmIT2NpNo9F3e2,Alternative Americana
5MTsZG10E0hTvAkdioyPnw,Blues
0FXIFD0DV5RBb3EytmjUBS,Glam Metal
4fEwa94nof9y7CByy7Da0X,Blues Rock
4jgIzymHtlUCk3DkjWkvFL,Canadian Pop
1JpZMDDAkfhnrO6nXIQZ2g,Flamenco
2wMFmpW94vIeMx5ULVcip2,Rock Andaluz
5m9nzgMw7mNS5Ry3DhVPIB,Flamenco
0Qzkm9CSXwK2Fk3Gm0ioDA,Latin Arena Pop
7AIVTgrRcdUW8QBsqNQ33z,Latin Afrobeat
4P6KRRYfVErY3Z5JJyLrMY,Latin Afrobeat
4NSswHrRWNM1AEBG0150nR,Alternative Country
5RgFlk1fcClZd0Y4SGYhqH,Album Rock
6Wgst4P9SOnc6WGLtfTb1z,Classic Uk Pop
608xszaAxVh4m7NcKJiAbF,Album Rock
3BHWUtCLvTDc7vGK6DY8dS,Movie Tunes
1oar8gdDX5yHWzVstAHDav,Album Rock
0hOA8SoraNo2ZP1amtVYnY,Album Rock
2JWKzkQbYsNzx019WyGzaH,Mellow Gold
39qYD4J4BKvZMQgxfXl5bv,Album Rock
0gZXockVcE7rEhSf4mcGLO,Folk Rock
1tfZtA15BfJHQTUy3dqTKC,Bubblegum Pop
29i8axWOLDmgbiutJb9prB,Alternative Rock
3RPerpXuNznZbCuWYEBz5i,Acoustic Pop
06gD2ZtK3Dzc1BYqWExQJJ,Contemporary Country
1ssGNcB3gVAXxFOaTcj0nE,Candy Pop
1bhpBRCLsVg3p7BWARbaDS,Acoustic Rock
6tDxrq4FxEL2q15y37tXT9,G Funk
2UikqkwBv7aIvlixeVXHWt,Contemporary Country
3K07bGe8iljQ3mOKArHLDo,Contemporary Country
2nGFzvICaeEWjIrBrL2RAx,British Soul
4zYdvcaguqCfG5IcRLpfd4,Permanent Wave
3KF1EXX2zGfVtGeZKiClB0,Permanent Wave
7FqDLD2f3VFdCYPCFpNvYq,Lilith
4F2t297QK40XFcIHqkmLHs,Rock Drums
7MTX3vevnm41xuEoPxWT3j,Art Rock
2fjJt3OQ8MPaZ3LMzAWiTA,Soft Rock
6Pgmqg15yVexuOgtzuxwoX,Sad Rap
2D68wN3hwEZFdeui0c5Ar6,Alternative Metal
79pY2Z5eFvXMt9bSdHLrnA,Alternative Metal
0GTK6TesV108Jj5D3MHsYb,Album Rock
0FCLfIht3t2vmX1IgpRi8M,Adult Standards
7kxfWvj6u9oWQ5C36kMtGb,Alternative Metal
4wOKTOwGVrie2GIbCMEe7U,Adult Standards
1Gt07aYIpl5yJcTbH95s7v,Alternative Metal
4G1rzFZNDcReeg9BOpNimT,Album Rock
6txWz9UapYHVxEd7dDIHXT,Alternative Metal
7p2xDNGlBBTQu2YEb6qLqG,Punk
0Ui05Ov0s4PnRc4JI3Pilg,Lilith
5ZduoKCxXZQT5wmeLxaBRf,Alternative Metal
3sT5s9NdC6WHXZznl9GoW7,Alternative Metal
3DIJUTOnsXxq1fxQzFI5xL,Alternative Metal
2PvKtrV7zmxpcvGuqU8LSR,Alternative Metal
1Lg55kAU7qG9y9IZ3jTaIG,Alternative Metal
0XaPN9mU1BgLJZhuCxzc6T,Alternative Metal
3tPo4KskHgUvu4OKCXAkhC,Alternative Metal
24W4uqcDvJCer0Eodsu12Z,Alternative Metal
2UeTAblz0s0olFO9K3rV9M,Alternative Metal
1wlKw9NAWVWpx7OIAyg9EA,Alternative Metal
4lxGVzcUaSF5HW5jtWnShV,Acoustic Rock
3YuaBvuZqcwN3CEAyyoaei,Alternative Metal
2EqlS6tkEnglzr7tkKAAYD,British Invasion
0qgrrDnUUhyxpxbBznUnzg,Album Rock
1hicHXy0em2QTARfq61GE0,Groove Metal
4JiDg5mpadcwg8zWx0bqQz,Glam Metal
5ZBeML7Lf3FMEVviTyvi8l,British Invasion
6gZVQvQZOFpzIy3HblJ20F,Alternative Metal
0S2nAPnDXy9OGPxI56BFW6,Alternative Rock
5NeIONQWJ25uPylJBJiO4c,Alternative Metal
1Qdnvn4XlmZANCVy3XjrQo,Alternative Metal
0W5tQg5HFfbhUGiGBYmGJX,Groove Metal
2EoOZnxNgtmZaD8uUmz2nD,Alternative Metal
4TgZB5sw2hqVhWYY4hLA9k,Groove Metal
0wvIGFIgbyz4JNwQhZgTv2,Alternative Metal
3d9DChrdc6BOeFsbrZ3Is0,Alternative Rock
0fzCtVM9D5UEwiLqcY8Ouq,Acoustic Rock
16b6oJWgMFIhMII0zSXgTE,Melodic Hardcore
5FZxsHWIvUsmSK1IAvm2pp,Alternative Metal
4vJr55lngvhSM8WIh9CjQc,Alternative Metal
5jsDxDkJ1PqyYUWhDMr86B,Alternative Metal
7iN1s7xHE4ifF5povM6A48,British Invasion
2SgbR6ttzoNlCRGQOKjrop,Alternative Metal
7kF1iPJTj3VFJX9XokQ80F,Alternative Metal
1nDAlB9sVAeJfMt2rGM0Hi,Melodic Hardcore
7rbUOih45k8bk6ahUb7VG3,Groove Metal
00hVU6kDP67JHurfwG2dtq,Alternative Metal
7jFocb8Sn3y4uF07FsmYAJ,Alternative Metal
5Xak5fmy089t0FYmh3VJiY,Alternative Metal
5wUtgDjOpjzZ7oBOQvtNDt,Groove Metal
4APKRaVYRwTvL5AevC1R1C,Alternative Metal
0GnU2sNVI6uP1tlmkVfiEt,Hard Rock
5sFDReWLrZHLFZFjHsjUTS,Alternative Metal
1jMaB19DiVR8OihLSuYFOt,Alternative Metal
4EchqUKQ3qAQuRNKmeIpnf,Alternative Metal
6DEQ7nhcQXs1rQuWi2DoLJ,Alternative Metal
3bHhUEOTIbezeZ856R0BX5,Acoustic Rock
6yv0PzPhCGOBA9QioNAgFv,Glam Metal
14EORgkbXqIx5K4Haucmnb,Alternative Metal
4ZpXHlV2vQVfPXUvbDSZ92,Album Rock
