TrackId,TrackName,TrackDuration,TrackPopularity,AlbumId,ArtistId
50f5BoytJN3FrlUtDgltO5,Crazy Love,04:54,45,3gddM4c24OsUsD35q9qdFT,40akJv6gxzx8uyRg3vBRuX
7fxpqs4G8vj3rFYbJnsG7w,Shitlist,02:55,55,0z7Dc7FRsDH7E4kj32mKyM,7yCGrS6Xh3UngvY6Ad5sMJ
33TQqUKv3eajMYsetR3ELs,One More Thing,04:09,36,0z7Dc7FRsDH7E4kj32mKyM,7yCGrS6Xh3UngvY6Ad5sMJ
1euT3PDzvROfebwCTZieWq,Heavenly Soul,05:55,23,5AjDtAXzFEQPbfZSAnIM5R,2SNzxY1OsSCHBLVi77mpPQ
2Gw3Xa08XleghwGUmNcPLK,Swing On This,04:04,49,4FCoFSNIFhK36holxHWCnc,64tNsm6TnZe2zpcMVMOoHL
5EnYdTx0BWhWM5YDcPkGAa,Sickman (2022 Remaster),05:29,52,58NXIEYqmq5dQHg9nV9duM,64tNsm6TnZe2zpcMVMOoHL
4PtZE0h5oyPhCtPjg3NeYQ,No Excuses,04:15,67,4FCoFSNIFhK36holxHWCnc,64tNsm6TnZe2zpcMVMOoHL
3Fg4SlOiqKDodVJbAM2Gut,Suck You Dry - 2008 Remaster,02:34,47,3CNnWJLxLMowI9DYqgLLeq,7LuYiSXiWs86rwWJjEEgB9
3dkIE8P7hvl3tHl9KSb6dA,"Non, je ne regrette rien",02:22,70,2k3nz0I7mJzegtkooii4za,1WPcVNert9hn7mHsPKDn7j
0YMzPd9mYx4txOuCnhYUGU,The Soft Parade,08:34,46,75bLu4Ung5QbMdJYxx7wTI,22WZ7M8sxp5THdruNY3gXt
4WAyUf6OhPTSnbVUPYzMY9,L.A. Woman - New Stereo Mix,07:58,40,1YZiR5FINFOlZPGKSVplIY,22WZ7M8sxp5THdruNY3gXt
2mKj8Em0GLFu8I78yM1CfU,Pretty Vacant,03:17,55,5fxYu3rqjCNTSPKN8mtEl2,1u7kkVrr14iBvrpYnZILJR
6ui6l3ZNvlrGQZArwo8195,God Save The Queen,03:19,62,5fxYu3rqjCNTSPKN8mtEl2,1u7kkVrr14iBvrpYnZILJR
3LoDeIbiR12sAznmpNEmKA,Anarchy In The UK,03:32,63,5fxYu3rqjCNTSPKN8mtEl2,1u7kkVrr14iBvrpYnZILJR
67oVj9wKv1T0effsUcny7A,Bella Donna - 2016 Remaster,05:22,49,0IomjU2bXFng4LQBYn7Het,7crPfGd2k81ekOoSqQKWWz
19Ym5Sg0YyOCa6ao21bdoG,Gypsy,04:24,77,0LfM3PGkXE6KvJEE1HkOnz,08GQAI4eElDnROBrJRGE0X
6MoQVatTYSlCJ5IHQRWXk7,Rock and Roll the Place,03:04,24,6rZ5ZREEbF43M67P2yV6Sx,4Tw2N3wdvJPGEU7JqMxFfE
3Ug96zKa29P3vICEEcYajZ,We Don't Talk Anymore - 2001 Remaster,04:17,56,2QV9SouhSHFNpls0Dvyoo5,2nvKpWcP8etYTq4JrRiUiy
7L3b6iaVhDVjfo52Hbvh9Z,Edge of Seventeen - 2016 Remaster,05:29,74,0IomjU2bXFng4LQBYn7Het,7crPfGd2k81ekOoSqQKWWz
1SKApv6ZfJ9bkUxeRObJEF,Freedom! '90,06:28,63,3coLNlyStg9h7f8CZ103Rl,19ra5tSw0tWufvUp8GotLo
0ja1dJM5gBTjk5U9wsMP9r,Moonlight Drive,03:01,54,6v5IVMmY1IvWtbfnQoiFSf,22WZ7M8sxp5THdruNY3gXt
5QTKB8UOaBO9zvWr6ap05R,Wild Child,02:35,14,75bLu4Ung5QbMdJYxx7wTI,22WZ7M8sxp5THdruNY3gXt
3uqxwLp7Hs9sJhm4uVF8li,The Changeling,04:19,57,7IKUTIc9UWuVngyGPtqNHS,22WZ7M8sxp5THdruNY3gXt
78JYtz4yOPqAEgZZc3SBLT,The Unknown Soldier,03:21,49,0qZTwrunzX3LG45PvRghmh,22WZ7M8sxp5THdruNY3gXt
0wepIheFRGnHEDmZwfINp6,Do It,03:08,13,75bLu4Ung5QbMdJYxx7wTI,22WZ7M8sxp5THdruNY3gXt
6ToM0uwxtPKo9CMpbPGYvM,Break on Through (To the Other Side),02:25,76,1jWmEhn3ggaL6isoyLfwBn,22WZ7M8sxp5THdruNY3gXt
4CIGLBUyPKZzHoYankmQzk,We Could Be so Good Together,02:23,40,0qZTwrunzX3LG45PvRghmh,22WZ7M8sxp5THdruNY3gXt
32bJv8V2Xgi5mtxdPcsi8B,Spanish Caravan,02:58,53,0qZTwrunzX3LG45PvRghmh,22WZ7M8sxp5THdruNY3gXt
693TK5ayPnvu3T3VJB4SZJ,The Crystal Ship - 2017 Remaster,02:34,40,3zVyMAtWiXugudXuCRiUjL,22WZ7M8sxp5THdruNY3gXt
0g1NRq4KmbEYgzaPF7G6CG,Tell All the People,03:20,48,75bLu4Ung5QbMdJYxx7wTI,22WZ7M8sxp5THdruNY3gXt
5rMfihaxthEm9rMDSnNk1r,The Mosquito,05:19,37,26Fac6kNgB6MLeoGVkmpKN,22WZ7M8sxp5THdruNY3gXt
0lWHA93ERijP8zhqbyoJXg,Variety Is the Spice of Life,02:54,26,6uhwVoXKDMzdXXjhTCH6Nk,22WZ7M8sxp5THdruNY3gXt
7MW3s6XnZua7CNQAfmdGe8,Unhappy Girl,01:57,49,6v5IVMmY1IvWtbfnQoiFSf,22WZ7M8sxp5THdruNY3gXt
0y2Vz9T2PImD6YUdMq9Ebl,Runnin' Blue,02:27,31,0I4qWmnLr665zzPdIhRIB5,22WZ7M8sxp5THdruNY3gXt
5ypTWakSUT3kLLYtbUFGfO,Easy Ride,02:41,13,75bLu4Ung5QbMdJYxx7wTI,22WZ7M8sxp5THdruNY3gXt
5hKktjNNyTK8DF81fKc7lD,Quando fala um português...,04:48,21,5Lz0R07a6My7xNAKOuzeNY,5fgtcrHICBqlrkHtSWWu0F
4wuaLybXodnM3oL8ij1Mq1,Estou além,05:04,44,5Lz0R07a6My7xNAKOuzeNY,5fgtcrHICBqlrkHtSWWu0F
22CIOfLZB9z8He7WgHYAgH,Two Tickets To Paradise,03:57,39,24WAUPqhxqUbdbcRDHQ8Yr,4Tw2N3wdvJPGEU7JqMxFfE
6kO5VVgGb9jEZM9cKXoOqc,"Boom, Like That",05:49,35,37LUBeVwoGFQOvBhRPNV13,0FI0kxP0BWurTz8cB8BBug
4uGIJG1jYFonGc4LGp5uQL,Somebody to Love,02:54,72,6lPb7Eoon6QPbscWbMsk6a,2qFr8w5sWUITRlzZ9kZotF
4dneV7C1yDt9UtyxrQY375,Boys Don't Cry,02:35,82,7gPql7GFpBMOxeO80vMMsC,7bu3H8JO7d0UbMoVzbo70s
63T7DJ1AFDD6Bn8VzG6JE8,"Paint It, Black",03:22,85,72qrnM4yUNMDDlWiqKc8iY,22bE4uQ6baNwSHPVcDxLCe
2SHTKB8YYlawTGIuJ2b2ok,About A Girl,02:48,80,1KVGLuPtrMrLlyy4Je6df7,6olE6TJLqED3rqDCT0FyPh
651koV4RRMMX6NDbW1ElwP,On A Plain,03:14,58,2guirTSEqLizK7j9i1MTTZ,6olE6TJLqED3rqDCT0FyPh
0Pie5DFAHHxpkONFUsAI6s,Aneurysm,04:35,68,6ICrBzsbHVluGHP8wGK4Y3,6olE6TJLqED3rqDCT0FyPh
4IryVI254hGj0J8ND5r8gZ,Stain,02:40,51,6ICrBzsbHVluGHP8wGK4Y3,6olE6TJLqED3rqDCT0FyPh
5muVpPu8Fj9fXfDbbqDdrZ,Love Buzz,03:35,73,1KVGLuPtrMrLlyy4Je6df7,6olE6TJLqED3rqDCT0FyPh
4UJmPSJsBsIR1U0N79BU1g,Lake Of Fire - Live,02:55,70,1To7kv722A8SpZF789MZy7,6olE6TJLqED3rqDCT0FyPh
1Ic9pKxGSJGM0LKeqf6lGe,All Apologies,03:53,75,6ohX7moZZnF1FwYrli1OJ6,6olE6TJLqED3rqDCT0FyPh
3bE5slaVEfaDreqARl6k4M,Yellow Ledbetter,05:03,72,1WJ3UbOi2QYGuRgXCc9FIV,1w5Kfo2jwwIPruYS2UWh56
7etojJg0JsetC3fSVpU3tX,"Would? - Live at the Majestic Theatre, Brooklyn, NY - April 1996",03:43,55,5PdgIAHzwDvTZRjIGSQGtN,64tNsm6TnZe2zpcMVMOoHL
3KhF2YiNpJvGpfiCW45R6D,Runnin' with the Devil,03:36,48,7ndqT6LH9o6YQ5uA7aT0St,2cnMpRsOVqtPMfq7YiFE6K
5Icqjqizh8TnwHdejZQQGQ,Try (Just a Little Bit Harder),03:55,50,5rFRfDq52l2l5RtS5kxA9A,4NgfOZCL9Ml67xzM0xzIvC
3dOfHE5J4Qsj1hJ35vnfn4,Get It While You Can,03:23,49,3j7nicLAWXM0Fb08q9XGyf,4NgfOZCL9Ml67xzM0xzIvC
54eZmuggBFJbV7k248bTTt,A Horse with No Name,04:12,83,0E5IKYhiKgbYQkmfsFonbZ,3vAaWhdBR38Q02ohXqaNHT
1H7gMYGykdtwZOV6s1N0by,Norwegian Wood (This Bird Has Flown) - Remastered 2009,02:04,75,50o7kf2wLwVmOTVYJOTplm,3WrFJ7ztbogyGnTHbHJFl2
7HKez549fwJQDzx3zLjHKC,Start Me Up - Remastered 2009,03:33,82,15XNBzVWARPMlu0sEbfBjJ,22bE4uQ6baNwSHPVcDxLCe
4s6LhHAV5SEsOV0lC2tjvJ,California Dreamin' - Single Version,02:42,83,76oMr4Y2pOtcrvZLc2ZikF,1bs7HoMkSyQwcobCpE9KpN
2HEgBBls7l0smWTxPx0MtZ,These Boots Are Made for Walkin',02:46,71,1J3CtRxcG9Tkuw2xQ59NEk,3IZrrNonYELubLPJmqOci2
5dUMh0ugelpKfoFp3qChuK,Hit the Road Jack,01:59,77,7gvxyetkX6vkoMyDkDM6ls,1eYhYunlNJlDoQhtYBvPsi
5op6kdhlMQ4L0KH30GCZ5T,Angry,03:46,67,6rEzHeH14PJSv8anXA6tyE,22bE4uQ6baNwSHPVcDxLCe
4ObCns6nM6tShx5a5tHiGC,The Razors Edge,04:22,52,4vu7F6h90Br1ZtYYaqfITy,711MCceyCBcFnzjGY4Q7Un
1L94M3KIu7QluZe63g64rv,Alive,05:40,78,5B4PYA7wNN4WdEXdIJu58a,1w5Kfo2jwwIPruYS2UWh56
6hqIXyo6GxydAnoI8XeIrV,Rusty Cage - Remastered,04:26,65,2W6MaUiInBkna5DfBES4E3,5xUf6j4upBrXZPg6AI4MRK
6NvRxjfYkkT2SpirAlmsjH,No One Knows,04:38,75,58HZZpS0wxJKwGjoerg0mk,4pejUc4iciQfgdX6OKulQn
2RaA6kIcvomt77qlIgGhCT,Breaking the Law,02:33,75,5bqtZRbUZUxUps8mrO9tGY,2tRsMl4eGxwoNabM08Dm4I
7iEVmnzJr1V7duYKPWplzp,Bringin' On The Heartbreak,04:33,63,2FC50FeHFVmksOYX1cymxr,6H1RjVyNruCmrBEWRbD0VZ
4vO9dmzNRqDhFY3jD1a3P7,Mississippi Queen,02:31,72,2tWvZmP9EVRYqmWyJPLzjP,3hyGGjxu73JuzBa757H6R5
4EHCt5y6B5EMCYg5ujw6RZ,Heaven And Hell,03:48,48,3HCL4YZ2bRtuuYnnONc5ye,4S9EykWXhStSc15wEx8QFK
7gQm8pZsxA5eXCZMBGV7CA,Superblood Wolfmoon,03:49,44,5bTixyz2GHx1YUqNUdzfut,1w5Kfo2jwwIPruYS2UWh56
7jSQaXLzpLHjSQTev2krvT,Nemo Egg (Main Title),01:16,67,2kJpuz9FOqX5riMjGwihhY,1csBgT42N4pPPs1HJhxXIK
01LbdbLSELzgqb7QWL5FTN,Dreaming of Bag End,01:49,49,6X0qkUUcolJDrRN3i3CAlT,0OcclcP5o8VKH2TRqSY2A7
1NhDv99nTtRm37rZpoH7Ix,Harvest Dawn,02:51,57,7cTbjqfofNfUq5eIlicTXk,77yY2QmM6bYvjJ3y5L2R0v
6zW80jVqLtgSF1yCtGHiiD,The Shire,02:29,66,55RTkgUCP7t80hiTUhATMH,0OcclcP5o8VKH2TRqSY2A7
3bxZsAbXwPNBX4I7b36XRm,"Whiskey, Mystics and Men - Version #1, Recorded at Elektra Studios, 1970",02:28,27,4wsbOwqXuuYw8c32ZGvGj5,22WZ7M8sxp5THdruNY3gXt
18PhtDBBYxE0vN4YvsZnMy,Scuttle Buttin',01:51,59,5vxBOzakDbJleNA1rbA7FQ,5fsDcuclIe8ZiBD5P787K1
4YMQXzscifAREG0a7KNGhB,Black Magic Woman - Single Version,03:16,70,1YrdGK2y2Edq2R5gFja2ai,6GI52t8N5F02MxU0g5U69P
11DjZQEZ69EXLo77HVj6yW,Green River,02:34,77,0i9mOB6mPGqwVvtJEXiwPG,3IYUhFvPQItj6xySrBmZkd
01PnRJeFSeOgIpBuv1kQKd,Commotion,02:44,54,0i9mOB6mPGqwVvtJEXiwPG,3IYUhFvPQItj6xySrBmZkd
4BP3uh0hFLFRb5cjsgLqDh,Fortunate Son,02:20,87,31q47gQszFt0CddSyMksgO,3IYUhFvPQItj6xySrBmZkd
5sVf9kN90ScddiT3SdT9Qh,Since I Don't Have You,04:19,67,4ieR19hRkKeE81CalJPQNu,3qm84nBOXUEQ2vnTfUTTFC
0G21yYKMZoHa30cYVi1iA8,Welcome To The Jungle,04:33,85,28yHV3Gdg30AiB8h8em1eW,3qm84nBOXUEQ2vnTfUTTFC
0xaNdYwK8ZF3cHSjraQGC0,Rocket Queen,06:13,64,28yHV3Gdg30AiB8h8em1eW,3qm84nBOXUEQ2vnTfUTTFC
67q0QsfLcTa2SqhP2wQbia,Used To Love Her,03:11,51,6z5LStxyQzrUTrVxjiOXVU,3qm84nBOXUEQ2vnTfUTTFC
0DMRKqrpd0QO4RWiEdMib0,You Know I'm No Good,04:17,75,0E4xv5gPjykrwBgBZzI8XG,6Q192DXotxtaysaqNPy5yR
7F5rIyOI88zk36AiBXC8xq,The Girl From Ipanema,02:46,63,4xdRjOhY9NHmMpI7U3e2c3,6Q192DXotxtaysaqNPy5yR
7MDfN1ldfTMtuXXdVz2Pzc,Tears Dry On Their Own,03:06,75,0E4xv5gPjykrwBgBZzI8XG,6Q192DXotxtaysaqNPy5yR
3FAclTFfvUuQYnEsptbK8w,Back To Black,04:01,83,0E4xv5gPjykrwBgBZzI8XG,6Q192DXotxtaysaqNPy5yR
1nWccj9gU34OmDYL63pTFS,Everglade,03:16,39,0z7Dc7FRsDH7E4kj32mKyM,7yCGrS6Xh3UngvY6Ad5sMJ
1klrDyGRsCBPofZdqdaZp6,God Smack (2022 Remaster),03:50,51,58NXIEYqmq5dQHg9nV9duM,64tNsm6TnZe2zpcMVMOoHL
2QjkH9q5Mypj6m38u7Ni9o,Dirt (2022 Remaster),05:16,55,58NXIEYqmq5dQHg9nV9duM,64tNsm6TnZe2zpcMVMOoHL
4uc4dKehCiytR5NLTSGJXu,"Got Me Wrong - Live at the Majestic Theatre, Brooklyn, NY - April 1996",05:00,51,5PdgIAHzwDvTZRjIGSQGtN,64tNsm6TnZe2zpcMVMOoHL
2lBqGHtGLD5FGeJJYNKbGS,Got Me Wrong,04:09,56,4b0EWRIWecUztiLiaoEN4K,64tNsm6TnZe2zpcMVMOoHL
3SFXsFpeGmBTtQvKiwYMDA,Pretty Fly (For A White Guy),03:08,78,2RNTBrSO8U8XjjEj9RVvZ5,5LfGQac0EIXyAN8aUwmNAQ
6gnvB7ejTWObv3d2xdCaL4,Sunshine,04:45,51,5LbHbwejgZXRZAgzVAjkhj,64tNsm6TnZe2zpcMVMOoHL
6qLEOZvf5gI7kWE63JE7p3,Interstate Love Song,03:13,56,1fyLNx6wxgDA59wFInnyup,2UazAtjfzqBF0Nho2awK4z
2JuasWPUodaUxf5nwNpciQ,Nutshell,04:19,75,4FCoFSNIFhK36holxHWCnc,64tNsm6TnZe2zpcMVMOoHL
0UuNO0yYvsMPlyLF7RfQlg,Angst,03:44,70,75OE7M0wduJyffbffehHuR,6wWVKhxIU2cEi0K81v7HvP
1vcZBUX6P6FHXzG2mUfmCE,Hard Luck Woman,03:34,58,6722nY178mLes49GPldnjj,07XSN3sPlIlB2L2XNcTwJw
7txxAtOMwLLnQTpKeBL6bp,Mother,03:24,75,3elIDlrTtrgKfbxYVgp3uW,34c4iQ5tkaZKu6Sv28BTde
7eGzVWupgsJNJflKTGX7Lq,Sunshine - Acoustic Sessions,04:23,22,2dq7y0FKyzr33UBYXZ2g7u,5eyMzR1hYiEZtN2c9ly2kw
0oPII5OCjKPgwq9WmDKk6t,Jerusalem - Live,04:47,24,5Ce90bO8U06BIvgVNa04Z3,5eyMzR1hYiEZtN2c9ly2kw
3NkIfsiFHnljGrlXSD2AJ3,King Without a Crown,03:42,58,6xv4soedEKLMLzSpgWYuzf,5eyMzR1hYiEZtN2c9ly2kw
1efuoLEUL1K0D96d63svRO,Easy Skanking,02:58,60,13dXX35pYjr8FqRla40K2a,2QsynagSdAqZj3U9HgDzjD
7Dy4H2LB7mqHm9hLmSBdpL,Another Day,04:21,25,6Fe4rC0WNhfjvz1vHYuk9u,22fUk65l9TfTRWwYrn5Mq9
2eDdFHgqNJltzlvlZFVDWd,Over the Hills and Far Away - Remaster,04:50,70,0GqpoHJREPp0iuXK3HzrHk,36QJpDe2go2KgaRleHCDTp
49C6EGQhCUSgyADHYvJ7ez,Living Loving Maid (She's Just a Woman) - Remaster,02:39,59,6P5QHz4XtxOmS5EuiGIPut,36QJpDe2go2KgaRleHCDTp
5CQ30WqJwcep0pYcV4AMNc,Stairway to Heaven - Remaster,08:02,81,44Ig8dzqOkvkGDzaUof9lK,36QJpDe2go2KgaRleHCDTp
7oI0UewzZ7PS0ljPxDqh5g,What Is and What Should Never Be - 29/6/69 Top Gear;Remaster,04:20,38,6VH2op0GKIl3WNTbZmmcmI,36QJpDe2go2KgaRleHCDTp
0QwZfbw26QeUoIy82Z2jYp,Good Times Bad Times - 1993 Remaster,02:46,73,44Ig8dzqOkvkGDzaUof9lK,36QJpDe2go2KgaRleHCDTp
0DYCw5AZIX3S11QQUiPiqN,Love On A Real Train - From 'Risky Business' Original Motion Picture Soundtrack,03:59,50,4Mft3FkYzPHdWTmRW0yS1U,1BGN1IdyiSR0ZYrkoKNchl
1soxeK1ZBX9SsSjK4j4ECa,Doctor Doctor - 2007 Remaster,04:12,61,0t7jKe5qt4N57sUWX33Zew,5pVRwX5ZQR7hfJ18w8ZYkl
2GpBrAoCwt48fxjgjlzMd4,"Hotel California - Live On MTV, 1994",07:12,67,2Tz88LCwtg5sli8x2YjJyF,0ECwFtbIWEVNwjlrfc6xoL
7pKfPomDEeI4TPT6EOYjn9,Imagine - Remastered 2010,03:07,81,0xzaemKucrJpYhyl7TltAk,4x1nvY2FN8jxqAFA0DA02H
7FtRUrOEDUHTvenvp1BqZo,Catch The Rainbow,06:36,58,3LXOrVXLXwRiOguE446OZo,4hz8tIajF2INpgM0qzPJz2
0lwZD32VPco1d0B7I4ejtQ,Crystal Light - 2007 Remaster,03:47,44,0t7jKe5qt4N57sUWX33Zew,5pVRwX5ZQR7hfJ18w8ZYkl
40h65HAR8COEoqkMwUUQHu,Peaceful Easy Feeling - 2013 Remaster,04:17,71,51B7LbLWgYLKBVSpkan8Z7,0ECwFtbIWEVNwjlrfc6xoL
4Wd9pEtEnZNDjgiswGOpJb,Waiting On A Friend - Remastered 2009,04:34,62,15XNBzVWARPMlu0sEbfBjJ,22bE4uQ6baNwSHPVcDxLCe
0q21FNwES2bbtcduB6kjEU,Dancing In The Moonlight,02:58,63,2W5SVDEBlGqHYqt5sa9PnA,5FHwr1FymaS5kutIEK6e2y
7gSQv1OHpkIoAdUiRLdmI6,I Won't Back Down,02:58,79,5d71Imt5CIb7LpQwDMQ093,2UZMlIwnkgAEDBsw1Rejkn
73TxYZd0lBCVRrHawrAglA,Sweet Emotion,04:34,77,6As5aOEQjfxLIChIB3fQRD,7Ey4PD4MYsKc5I2dolUwbH
3oSl41e3rfJXanYvIufE23,California,02:39,29,0FVwC6leDmim0EO68PjYto,4tX2TplrkIP4v05BNC903e
22uJJ5jk87Ts6R79Ly9uji,Can't You See,03:20,55,5HbdpOPhasPYV6gOeBVvTr,59QxeZBL6k9L4oJBGSyukd
1GOdYykgw2W0OcjPANvwgE,Jumpin' Jack Flash,03:42,59,10OB4Z0KBJtCayAX7Gk57m,22bE4uQ6baNwSHPVcDxLCe
3qCHUm73I3o5F1mDEfibzo,Gimme Some Lovin' - Single Mix,02:58,62,5FuD0MXgLATEsV4lyBbAD0,3i9hP422d2KMjaupTzBNVS
0jtz7Ia3HahOqXWnKad0rn,Polk Salad Annie,03:43,54,71upkCAZBdlRRxoSbG8wvQ,6QvgWa4x3Ij4tvBpFMo11P
3EYOJ48Et32uATr9ZmLnAo,Roxanne,03:11,84,1H9g6j4Wwj6wh6p8YHVtkf,5NGO30tJxFlKixkPSgXcFE
00xoWyJseWkKwOfpajm8dY,Don't Believe A Word,02:17,53,3E54AKQSvQlQekosA4SuT3,6biWAmrHyiMkX49LkycGqQ
4nXkbcTj3nyww1cHkw5RAP,Long Train Runnin',03:27,75,0M2KWMbvY5x1sUnIKNpyUt,39T6qqI0jDtSWWioX8eGJz
5p3JunprHCxClJjOmcLV8G,Walk On the Wild Side,04:14,75,5SqbMEyAt8332ISGiLX0St,42TFhl7WlMRXiNqzSrnzPL
1WYokrkFOb9TFVuTrmxTTt,Tequila Sunrise - 2013 Remaster,02:53,72,09WBxbis5Sixt01FVMs8UM,0ECwFtbIWEVNwjlrfc6xoL
389QX9Q1eUOEZ19vtzzI9O,While My Guitar Gently Weeps - Remastered 2009,04:45,74,1klALx0u4AavZNEvC4LrTL,3WrFJ7ztbogyGnTHbHJFl2
4YXKKnIZuk7UtXH5oC0ffa,Lucille,02:23,58,18VnWTsdEcofimkOHcWBAu,4xls23Ye9WR9yy3yYMpAMm
62uLNJgVZaFiEiKV4LpoYJ,Walking On The Moon,05:00,69,2EpuND32cO7CX0gXZl2NB6,5NGO30tJxFlKixkPSgXcFE
5cENc0N9NpJJB7FggcMjyS,Cherry,03:21,54,4GIeoRcpLeLwgxQK8jo183,06nsZ3qSOYZ2hPVIMcr1IN
0lJ8EaAeHeBux57hvDaQmM,Lipstick Traces - 2007 Remaster,02:21,58,0t7jKe5qt4N57sUWX33Zew,5pVRwX5ZQR7hfJ18w8ZYkl
6poYscuLQG8hvpxNnyeMUV,Get Thy Bearings,02:46,50,22fHNsb3nrjDdPoKF7kdPz,6vLlQYujOujIrm7zAKzEdG
2JbS4ZDBIUcXavA9mfb2nC,SWLABR,02:31,56,3W6CI0Lw7lElAPID2Fd3B4,74oJ4qxwOZvX6oSsu1DGnw
12aMcjaJouseW0rzAlu34q,Pass Time With The SAC,01:21,37,4NbLTe8YqLFwys4SmkEofd,1nyQBzKgZ2hBLr7PnyV7cI
2bD8JWzDBOnSeUcsjVU2SD,Half Moon,03:53,42,3j7nicLAWXM0Fb08q9XGyf,4NgfOZCL9Ml67xzM0xzIvC
3k3eu6dnokyqCk2UD6GID3,Ab's Song,01:15,59,1w7JOjdpfTBz4rvhWQDWJz,59QxeZBL6k9L4oJBGSyukd
16VhHtoaOjTU4AJBNSBNQ1,"Hey, Hey, What Can I Do - Remaster",03:56,66,56G9UnPmRifbubzPDJfAyd,36QJpDe2go2KgaRleHCDTp
5Zbxc0wu95kL74YEhMzUmL,Trouble On Double Time,03:25,38,53oqFs4q8sfqH6IPiyleEN,4596e2d3KmYzAeVenjCxfj
1rHvKz5JPpCf9IJDHsyX8P,Reception - Remastered 1993,01:07,62,3zMRSD0zUqopFPaoER2ODc,3sFhA6G1N0gG1pszb6kk1m
47bXIv24jthL4vzZy3j7CY,Strange Brew,02:46,64,3W6CI0Lw7lElAPID2Fd3B4,74oJ4qxwOZvX6oSsu1DGnw
47p2NnvtB2xG9MhTcQpcs0,Devil And The Sea,02:17,42,16oKZSg3msLgn69IK1puzi,66Dx7ivzkFULFRIPPvnlxk
0YCyXedYGnoaAOdirCzOR3,Someone's Acting Like A Child,03:28,32,3NpLHWshxHfxbhdYdgtmPL,2ScuQMRWThcifBRIvNDFDC
5DUWIeIriroyHEbPdqxEFG,"Oh, Pretty Woman - Mono Mix",02:48,48,0Ez9S8Dhzr1fa6ZCkcIJiR,5aygfDCEaX5KTZOxSCpT9o
4fP9hwZKpP7BiEoMOTecHm,A Hard Road,03:11,36,160euwnzg8f0oSEz3on32Z,2ScuQMRWThcifBRIvNDFDC
3oaSvU9VBBmyfPA4lbibQM,Outside Woman Blues,02:24,59,3W6CI0Lw7lElAPID2Fd3B4,74oJ4qxwOZvX6oSsu1DGnw
3iJ3aUaosOAdlVbAIJGwao,Knowing That I'm Losing You (Tangerine),02:54,31,2d1Ak1JqfBZa2dbmBNPfXH,2lxX1ivRYp26soIavdG9bX
0uco0wQkB909zpPlHvu5Cc,Bold as Love,04:11,57,3uFZf8rykoHo7XMIQVYW6r,776Uo845nYHJpNaStv1Ds4
1XyWR4W4RW6sIlVZCRIf9i,Lost in Your Eyes,02:14,48,2wQsSBMLBcaXqkkIs35XxR,01hRNr3yF5bYnPq4wZ88iI
3hgVJGSwCFY8M84FavQwdD,Forget It,01:50,59,3q90UAYeHLvAtnowiQlmgp,0gg11prPP6OqtUvBcKnPpq
31Tp5iKrVUayn65qhg06nE,She,03:07,70,2VNMoSXYKrjAAU4aqiTvtY,2BGRfQgtzikz1pzAD0kaEn
0tZ3mElWcr74OOhKEiNz1x,Bulls On Parade,03:49,76,24E6rDvGDuYFjlGewp4ntF,2d0hyoQ5ynDBnkvAbJKORj
4A065x9kJt955eGVqf813g,Them Bones,02:29,21,1xbCFz18Eq2MJ6PrwKfvNl,64tNsm6TnZe2zpcMVMOoHL
77YKoNCjP5hWqiXMRG2839,Shine,05:06,0,2B2KQTgQr3UhQf4n2VtoUG,4e5V1Q2dKCzbLVMQ8qbTn6
1ndGB6rvxKYN9seCYO1dTF,The Zephyr Song,03:51,75,6deiaArbeoqp1xPEGdEKp1,0L8ExT028jH3ddEcZwqJJ5
0lP4HYLmvowOKdsQ7CVkuq,The Kill,03:51,81,5sHvTCk793vr9EkSKcD7IT,0RqtSIYZmd4fiBKVFqyIqD
15Trb1S2FDZSMLDzWfnlbg,Promises,05:27,61,2v9PjvIkQVnyQdtD1iQD7e,7t0rwkOPGlDPEhaOcVtOt9
2zbGXr2XCcRR40R7ymEENc,Embryonic Journey,01:52,64,6lPb7Eoon6QPbscWbMsk6a,2qFr8w5sWUITRlzZ9kZotF
6G3NoUqDpqD3Rgfel2pD6s,Cocaine,02:49,61,4GIeoRcpLeLwgxQK8jo183,06nsZ3qSOYZ2hPVIMcr1IN
5IyL3XOaRPpTgxVjRIAxXU,Ziggy Stardust - 2012 Remaster,03:13,68,48D1hRORqJq52qsnUYZX56,0oSGxfWSnnOXhD2fKuz2Gy
4fPBB44eDH71YohayI4eKV,You Only Live Once,03:09,75,1HQ61my1h3VWp2EBWKlp0n,0epOFNiUfyON9EYx7Tpr6V
4IvZLDtwBHmBmwgDIUbuwa,Here Comes Your Man,03:21,74,0DQyTVcDhK9wm0f6RaErWO,6zvul52xwTWzilBZl6BUbT
2AdRSHeYmDGMrgIfiS2w7K,Ask - 2011 Remaster,03:18,67,45StnugV9WQMQwk4rRoTy8,3yY2gUcIsjMr8hjo51PoJ8
5OkKOkdVTKFrYi6GWXkMzR,Volare (Nel Blu Di Pinto Di Blu) - Remastered 1998,03:01,69,7dfnxOYh1XR9AKqCcGckGX,49e4v89VmlDcFCMyDv9wQ9
3YKptz29AsOlm7WAVnztBh,Kiss from a Rose,04:48,77,1mSECpFqHRW6leG4idqTE1,5GtMEZEeFFsuHY8ad4kOxv
11fNLqDB47gMKj7BHhR2Qr,Wake up Little Susie,02:03,59,4lmdDGcU5u1xk3GCcVJSYT,4ACplpEqD6JIVgKrafauzs
64Ny7djQ6rNJspquof2KoX,Hound Dog,02:13,55,0uJJdEZ8sRLNPoKEkjvqTD,43ZHCT0cAZBISjO8DG9PnE
5b1jXYUOgAX5QAHXPVHdld,Santa Claus Is Back In Town,02:22,76,6zk4RKl6JFlgLCV4Z7DQ7N,43ZHCT0cAZBISjO8DG9PnE
6vUPPEN2V2lZ78b6DyEIjZ,What It's Like,05:03,1,4ebpJ41hnGAIBZ8Cwua250,14ZxDAK6ITtZZqPdiWrvSn
1G391cbiT3v3Cywg8T7DM1,Scar Tissue,03:35,86,2Y9IRtehByVkegoD7TcLfi,0L8ExT028jH3ddEcZwqJJ5
3RptaQ5Xb8WvtpItZ2f9Hi,Snuff,04:36,71,2ISXjEm0D4chvU2IDNvUqk,05fG473iIaoy82BF1aGhL8
5ihS6UUlyQAfmp48eSkxuQ,Landslide,03:19,83,5VIQ3VaAoRKOEpJ0fewdvo,08GQAI4eElDnROBrJRGE0X
2tUBqZG2AbRi7Q0BIrVrEj,I Wanna Dance with Somebody (Who Loves Me),04:51,85,2MH37enG6IPvNK5QFLyKes,6XpaIBNiVzIetEPCWDvAFP
3ZZq9396zv8pcn5GYVhxUi,Down Under,03:42,78,4HDJMKkwAMVFewqfZcmf84,0f3EsoviYnRKTkmayI3cux
1iUgrte2PxLxQ6Te95RnAV,Heartbreak Hotel,02:07,63,0uJJdEZ8sRLNPoKEkjvqTD,43ZHCT0cAZBISjO8DG9PnE
0KOE1hat4SIer491XKk4Pa,A Change Is Gonna Come,03:11,70,2NFd4ApYFitFtJhGTSfDdP,6hnWRPzGGKiapVX1UCdEAC
4Hhv2vrOTy89HFRcjU3QOx,At Last,02:59,79,7rd4PorIOPjPTy7qdUeeCt,0iOVhN3tnSvgDbcg25JoJb
0tOeNmw9K0pwwKbrYJz9iq,All The Colours Of You,05:26,33,5ygHCOppc7ipeiWCB8cj9M,4IWBUUAFIplrNtaOHcJPRM
0TdAVKULjn3z2BRjrx3Hl2,Getting Away With It (All Messed Up),04:25,62,4sd1JAggakMUuXLpFN6LIx,4IWBUUAFIplrNtaOHcJPRM
3CFSER4CPZ1qwDa2DGuLOX,Sometimes,04:36,52,52xQjUD5UDE148bj1ttv1P,4IWBUUAFIplrNtaOHcJPRM
2OUPZheGd8XbNQwBMImYnI,There Is a Light That Never Goes Out - Take 1,04:25,64,6rxWj1ng8FnY7dsq5YhvIp,3yY2gUcIsjMr8hjo51PoJ8
7hm4HTk9encxT0LYC0J6oI,Someday,03:03,74,2k8KgmDp9oHrmu0MIj4XDE,0epOFNiUfyON9EYx7Tpr6V
2qOm7ukLyHUXWyR4ZWLwxA,It Was A Good Day,04:20,84,71HM1CMYWeZzws8pyiEn46,3Mcii5XWf6E0lrY3Uky4cA
7lwvxYumAEo10lzAplRGXM,The Unforgiven,06:26,76,55fq75UfkYbGMq4CncCtOH,2ye2Wgw4gimLv2eAKyk1NB
2CtemffYhT0DJWcT1XW047,Nothing Else Matters,06:28,0,55fq75UfkYbGMq4CncCtOH,2ye2Wgw4gimLv2eAKyk1NB
4sebUbjqbcgDSwG6PbSGI0,Come A Little Closer,03:49,71,4EK8gtQfdVsmDTji7gBFlz,26T3LtbuGT1Fu9m0eRq5X3
58ge6dfP91o9oXMzq3XkIS,505,04:13,88,6rsQnwaoJHxXJRCDBPkBRw,7Ln80lUS6He07XvHI8qqHH
3Ty7OTBNSigGEpeW2PqcsC,Glory Box,05:08,76,3539EbNgIdEDGBKkUf4wno,6liAMWkVf5LH7YR9yfFy1Y
0SaRvx9eYudSCQYNjuCQKX,No Distance Left to Run,03:28,55,5YuZ4DjvtZBywtIbHIqtGJ,7MhMgCo0Bl0Kukl93PZbYS
4PAR0Zp6Mbu3p6NKYClgBr,NYC,04:19,50,4sW8Eql2e2kdRP1A1R1clG,3WaJSfKnzc65VDgmj2zU8B
1ewqpUUSLANb3jjc4UI8uX,Mad World,03:04,0,1mSv7EACPPrgNTlKDo32Kk,0RkqytrwoGyXGvDiZwT6i2
3DHuFJY6nkvGiS0h4V2U35,And She Was - 2005 Remaster,03:39,62,7IMqoztesjFDgyeibke8Jz,2x9SpqnPi8rlE9pjHBwmSC
0qxYx4F3vm1AOnfux6dDxP,You Can Call Me Al,04:40,77,6WgGWYw6XXQyLTsWt7tXky,2CvCyf1gEVhI0mX6aFXmVI
4wGSg2Qqpt2sGCWuAZj6EN,Enjoy the Silence,04:17,75,6nYdAmB6enE4lKlt4IHuVT,762310PdDnwsDxAQxzQkfX
4CoSCPlKNrWli7E5kFtbcl,Little Lies - 2017 Remaster,03:41,78,4AsXQ17Arq1cUVoa9dKJ3F,08GQAI4eElDnROBrJRGE0X
2fdfsGuqb6SBX5ocoBWHUd,The One I Love - Remastered 2012,03:17,69,65kIVEdb93smbnC7k4aie7,5BcAKTbp20cv7tC5VqPFoC
2EzTLbGTRB1tD47jN509wc,Keeping the Love Alive,03:38,58,1aEMnQLoZHDjibEDcisTMJ,4xXCRXOfQKQ2gjWxNhNzYW
6zC0mpGYwbNTpk9SKwh08f,Wonderful Tonight,03:45,77,5MAL7e4EnKXW1hFg6NbFqP,6PAt558ZEZl0DmdXlnjMgD
52VIdyKqp1pJRSyUQaxKUA,Everything I Own,03:07,73,5OlNb8PMZXFkhhtSrhLuO5,70ZTdbPEcEugBNay4MvxfL
5cbZDpFu1hTwaU7hDQpf13,Rainy Days And Mondays,03:38,63,3Br6amYT7sC9y3uvHkfRDI,1eEfMU2AhEo7XnKgL7c304
6INw1Yp2DPTG23oMIyOvj7,Till They Take My Heart Away,04:36,0,6IrnLFWIE2RvTrtNH93m1T,5elcNQkZ6FCZA3grSOMngY
0KMGxYKeUzK9wc5DZCt3HT,If You Leave Me Now,03:55,79,4asBn7hzIq2Ka7rDzJN24P,3iDD7bnsjL9J4fO298r0L0
6gAhuDvn8Ef6P710UMze9W,Lonely Is the Night,04:09,64,5aH4HCsNua1doApLj5cb8J,4xXCRXOfQKQ2gjWxNhNzYW
4jDmJ51x1o9NZB5Nxxc7gY,Careless Whisper,05:00,85,3coLNlyStg9h7f8CZ103Rl,19ra5tSw0tWufvUp8GotLo
5nDSJO4909uNzMcZH3CggS,Hard to Say I'm Sorry,03:52,65,3HqV6VqL6KnTriwvEfMKZR,3iDD7bnsjL9J4fO298r0L0
1HDaENkQhUMm16pjdxZvHn,Please Forgive Me,05:55,70,6XkXta8AXNmXkZAxM0CYqW,3Z02hBLubJxuFJfhacLSDc
7Ewz6bJ97vUqk5HdkvguFQ,Heaven,04:03,0,2o2G49EPi4lua5zgxUKhLL,3Z02hBLubJxuFJfhacLSDc
1gVgkQFOKa8Wc1HYsJtPdH,More Than Words,05:34,78,7DKHQxJTI32UyCdDdGwvRC,6w7j5wQ5AI5OQYlcM15s2L
1M9IJNLfirBmrNAzzhJN3j,Can't Smile Without You,03:13,65,1ILknbSc8Ll0TqA8oJKkNV,3alW3LYQS8K29z8C8NSLIX
4yA2SM7XCLkSgkBUSoZb5S,Sing,03:48,72,7hktYMjRekLPK3BZRr4sIQ,0Y5tJX1MQlPlqiwlOH1tJY
2lFFiNm0XtgJ6wkdncTB4k,Drive,03:54,69,7LPfdVDw4uXf9Bw5LQDESf,6DCIj8jNaNpBz8e5oKFPtp
2AMwxuBy5vJfm4jzGSD1HS,Only The Lonely (Re-Recorded Version),03:13,26,5ow5gHH0Di4pR3wUhZTuHx,6scOultrkXrQsClcbGKM7e
7DFawVSjI88xR9mjnWwURg,If You Don't Know Me by Now - 2008 Remaster,03:24,75,0R8Pl54TXSwXWtAEVaP7ew,1fa0cOhromAZdq2xRA4vv8
1yg7fwwYmx9DQ2TdXUmfpJ,Holding Back the Years - 2008 Remaster,04:29,72,4pk3tltFMVlT06MLJfmWTT,1fa0cOhromAZdq2xRA4vv8
7wuJGgpTNzbUyn26IOY6rj,Total Eclipse of the Heart,04:27,82,0VJI3wpebzRyVHq0eZQidb,0SD4eZCN4Kr0wQk56hCdh2
6fkvIT9KFKxO8poBeKfaEf,One More Night - 2016 Remaster,04:48,72,1rVhockt4RAiZFaK3M3zPB,4lxfqrEsLX6N1N4OCSkILp
5oE6INocVL9viDow5y8QNM,Fragile,03:56,67,3mVCQqgwEvwD7lHy9KHi7R,0Ty63ceoRnnJKVEYP0VQpk
7o9uu2GDtVDr9nsR7ZRN73,Time After Time,04:01,81,1FvdZ1oizXwF9bxogujoF0,2BTZIqw0ntH9MvilQ3ewNY
7w5AOd6HrDIHewHfpABEss,Wicked Game,04:49,82,5Das42Qx4AoU9iT4M7PW3U,7290H8m1Dwt8G7jm1y9CQx
0TN3CFZuYzAWQCV9N3pVPN,Soldier of Fortune,03:28,53,43BpzOGC3BUfKVfNCJA9cp,0ybFZ2Ab08V8hueghSXm6E
6DmfWj5kOa1fX8AwN9byOn,L.A. Woman,07:51,66,7IKUTIc9UWuVngyGPtqNHS,22WZ7M8sxp5THdruNY3gXt
4BVE5tIIpYabZcYCbephNW,Touch Me,03:10,67,75bLu4Ung5QbMdJYxx7wTI,22WZ7M8sxp5THdruNY3gXt
2qmHhaOmlcKDeGfipGhF1j,Africa Unite,02:55,66,09Df7mUZBQwbDYgvE0t30r,2QsynagSdAqZj3U9HgDzjD
1veACzkH4SkgD8g5DlFXb3,DiCaprio From Russia,03:12,23,2FNEyXwobWQ1XCjmZoFDu6,3HTAGLsChflHAIapHVIp4V
0sRuPIWvz2TljkZiizBTIw,conversations,02:35,7,70O5rAojsnXg6XSz3psBzZ,3AH6sTUCngxmwaizGbhJEv
5EkfBtKj3ikNaknxJAEqRG,New Day,04:23,12,1WKHgFnVXim0GYVfkOXgFR,3AH6sTUCngxmwaizGbhJEv
5CeL9C3bsoe4yzYS1Qz8cw,Girls & Boys,04:19,71,1bgkxe4t0HNeLn9rhrx79x,7MhMgCo0Bl0Kukl93PZbYS
1FTSo4v6BOZH9QxKc3MbVM,Song 2 - 2012 Remaster,02:01,83,7HvIrSkKGJCzd8AKyjTJ6Q,7MhMgCo0Bl0Kukl93PZbYS
1i5oEx2vFczQ2sCY3c6Kn5,Love Hurts,04:14,51,0gYPRsuRCNBQHN0xbIxFX2,6fvN9GmMCVKb5LY0WsnjFP
3pGBIgFdfdnjtHDJR4nbrR,So Far Away,04:00,65,3Rk48nd3gDgBIq0uYT98AS,0WwSkZ7LtFUFjGjMZBMt6T
2qhASBzpbFhPRtrnZ5lLnz,Unchained Melody,03:38,79,0oeMysdC6eeivvWbvQ9JNm,4b0WsB47XCa9F83BmwQ7WX
1xsYj84j7hUDDnTTerGWlH,Dream On,04:26,9,1RDVdxPUaqC4o7Rkm8LoOE,7Ey4PD4MYsKc5I2dolUwbH
5y0YreEOnQiKFAnCrcFIXz,(Just Like) Starting Over - Remastered 2010,03:56,62,15q7N7Wo307mfjqR29NpjF,4x1nvY2FN8jxqAFA0DA02H
77hitAMfc6USq4gkpwthV8,Nothing at All,04:42,31,6gqzcKMZ178mqS5Bd51MDf,568ZhdwyaiCyOGJRtNYhWf
3ziJFd6JeioC8Xfct0UXpJ,Moonlight Serenade,03:21,50,4B3jbISuOJnDpZj8iobFxu,2aAHdB5HweT3mFcRzm0swc
0z3Voyxi0FH0SQBc7c4wri,Cosas De La Vida,04:48,68,6nWZLgTAuIgulKZcJxgsg4,61J0BktHv7PuP3tjTPYXSX
2DjWsDGgL1xNbhnr7f6t5F,Baby Can I Hold You,03:13,78,6hmmX5UP4rIvOpGSaPerV8,7oPgCQqMMXEXrNau5vxYZP
2oJTBb2IyQZqEG3cTFRbLz,The Big Goodbye,04:32,37,4JfHVHyLVWLfQzGoXixdsb,3nlHsNqwCSvT988ZfSW1Yh
0dfAHJmRg7JtCbitsageQG,"Rinaldo, HWV 7: Lascia ch'io pianga (Arr. for Piano)",04:28,51,2w6cYUhoQ1uZ26JMVz7Vdj,1QL7yTHrdahRMpvNtn6rI2
2sqhid2MBYJCZWPrLjsUbP,"Violin Partita No. 3 in E Major, BWV 1006: I. Preludio",03:34,50,2GLJLkriVbdfDi5W5e3LJM,5aIqB5nVVvmFsvSdExz408
6JkDThoofgbKj59ykGwRph,Noel Symphony No. 4 in D Minor: I. Une jeune pucelle: Moderato,01:42,44,4WUbpK20883ttlEJDW1C3f,6YqejfdahJrTfoRRKLsX4F
3Txpk5H7P3Qc2ny1KlcWCW,"Keyboard Sonata in E-Flat Major, F. 5: II. Largo",02:53,41,6cxrMdnJcMkQwxws9Ao0Ek,5fz5lcOIakwBiRF7vzfm0u
5AW6hac4JAKu0ygmZUw7HF,"Violin Concerto in E-Flat Major, RV 257: III. Allegro",03:10,39,63frfMMFBlj2UO2TjXtykq,2QOIawHpSlOwXDvSqQ9YJR
6hleUCx3E4gB2urwRvx1QT,Time of the Season - Mono Version,03:34,74,6XqM4NINcx3oc7NhOUKxXp,2jgPkn6LuUazBoBk6vvjh5
1xKQbqQtQWrtQS47fUJBtl,Piece of My Heart,04:13,70,2rogKfOpmCFuqNhtGKf2dX,4J69yWrKwWJgjv3DKTZcGo
3Xls4cNOwy01dtrNXb1inG,White Room,04:58,72,0zrtTZC7yY2TOEhnbJzSb9,74oJ4qxwOZvX6oSsu1DGnw
6ITuEsxEy2qPhqMowdDAeI,Train in Vain (Stand by Me) - Remastered,03:14,68,6FCzvataOZh68j8OKzOt9a,3RGLhK1IP9jnYFH4BRFJBS
00vYs0qZA40Z8AAaN7xmMO,Manic Monday,03:04,66,7qEP3i0f0zfk6JUFW3SyeN,51l0uqRxGaczYr4271pVIC
5LYJ631w9ps5h9tdvac7yP,Easy Lover,05:05,74,59RsiGLQVyFHiFn2K5VNvX,6ZNeppgfBLPUyugks9Yn1u
0WoFs3EdGOx58yX5BtXvOa,Your Love,03:36,6,0EriQlp6zHpb1ThLZcandW,1zxDewzd2j1ZdSBGaYcr0y
5rfJ2Bq2PEL8yBjZLzouEu,Who Can It Be Now?,03:21,76,4HDJMKkwAMVFewqfZcmf84,0f3EsoviYnRKTkmayI3cux
0fiSpF9mvRFQWy0ca64d1g,Don't Dream It's Over,03:58,72,6kN4oL9kGdctlHHaId3D3T,7ohlPA8dRBtCf92zaZCaaB
7j74lucZ59vqN67Ipe2ZcY,Maneater,04:33,82,7ygXmT175bKbOpiPjNwXOB,77tT1kLj6mCWtFNqiOmP9H
0cGG2EouYCEEC3xfa0tDFV,Tainted Love,02:33,84,3KFWViJ1wIHAdOVLFTVzjD,6aq8T2RcspxVOGgMrTzjWc
3ovjw5HZZv43SxTwApooCM,Wind Of Change,05:12,82,3dLKM8bD8R3H3XnSOXGjTF,27T030eWyCQRmDyuvr1kxY
7FwBtcecmlpc1sLySPXeGE,Dancing In the Dark,04:01,82,0PMasrHdpaoIRuHuhHp72O,3eqjTLE0HfPfh78zjh6TqT
2374M0fQpWi3dLnB54qaLX,Africa,04:55,87,62U7xIHcID94o20Of5ea4D,0PFtn5NtBbbUNbU9EAmIWF
1NCuYqMc8hKMb4cpNTcJbD,Another Day in Paradise - 2016 Remaster,05:22,79,2sS9l8uc3d3UsK9unJyrD8,4lxfqrEsLX6N1N4OCSkILp
2SPU97neddixGZ3wCMLAwx,Too Late For Goodbyes,03:34,55,6EQLKMRggF3e60ugh9GBmc,4Tvos0a5rRrBu4Oodu5f79
4aVuWgvD0X63hcOCnZtNFA,Hold the Line,03:55,84,62U7xIHcID94o20Of5ea4D,0PFtn5NtBbbUNbU9EAmIWF
4ByEFOBuLXpCqvO1kw8Wdm,(I Just) Died In Your Arms,04:40,82,3wCe8HjHk6QNGcf5D3jgW1,3cniTumSiUysiPWXapGx1i
4LpUpiYoZ2M3Z1kmhn4EQo,Still Beating,03:01,76,4NNq2vwTapv4fSJcrZbPH7,3Sz7ZnJQBIHsXLUSo0OQtM
4uYwlMp841PLJmj1gJJwIq,"Lay, Lady, Lay",03:17,65,5WBx64FIN04CvM2T1MGrUN,74ASZWbe4lXaubB36ztrGX
1vXuYPpkLjn1v06E2EsWQY,Crimson & Clover,03:29,55,5IL9KRDDd1L4m6f9SKS0yN,01hRNr3yF5bYnPq4wZ88iI
3Vby4nGmtbDo7HDJamOWkT,Stuck In The Middle With You,03:28,81,5ApN9lqru1t3Xh1IaEGTll,7bPU7cvfoD20ixGD9Qnqki
1hHGUdFaiJHw9hVZGJWYO2,Midnight Rider,03:00,75,1K9yhJFW4FR8Rc1VURWA5T,4wQ3PyMz3WwJGI5uEqHUVR
4a5pNRjwmzYQuEY1E7O6pj,Breakfast In America - 2010 Remastered,02:39,79,1zcm3UvHNHpseYOUfd0pna,3JsMj0DEzyWc0VDlHuy9Bx
49OMJ1prsRA7ZYgrAjz70c,More Than A Woman,03:16,72,4vAhQeeWkSjVn0p5GAaLBx,1LZEQNv7sE11VDY3SdxQeN
3l8h6urWQ8SxZINH323Zc7,"By the Roes, and by the Hinds of the Field",02:38,49,1ZPtIPAHcNHgLuL0K6BzJN,3IpQziA6YwD53PQ5xbwgLF
65a1ng2xAbaRbYWsq9H2MH,Lionheart,03:29,56,3O26r0jhu5oE0ITWbQJdnX,25s9H1JQmTu3iuFzpXWUIg
02xd7yuAEiLOF7rt4zlPep,River Flows in You - Orchestra Version,04:45,56,73YLmvCxBSzesjqxCOBAWS,0fauHpmSHwodVYIjTqOGHz
1G2mAZQL8xfy9wRqC6fY6K,A Sparrow Alighted upon our Shoulder,02:27,56,1ZPtIPAHcNHgLuL0K6BzJN,3IpQziA6YwD53PQ5xbwgLF
7oenWdkfvoEySYVc0rH6Cq,"Du bist die Ruh', D. 776 (Transc. for Cello & Piano)",04:21,41,4BXGjoLEXYMhFcLRfPPJAK,2p0UyoPfYfI76PCStuXfOP
6CKoWCWAqEVWVjpeoJXyNH,Shape Of My Heart,04:39,76,5kV0KBXfELibs6qQJLmOtg,0Ty63ceoRnnJKVEYP0VQpk
3iD7f8biGSkrgGB609uzCR,True Colors - 2016 Remaster,04:34,60,7yZHLfxqiGPbSQLrVJljah,4lxfqrEsLX6N1N4OCSkILp
18AXbzPzBS8Y3AkgSxzJPb,In The Air Tonight - 2015 Remastered,05:36,80,1cM3r0WQZWNkCpEbmFjLln,4lxfqrEsLX6N1N4OCSkILp
11607FzqoipskTsXrwEHnJ,Sunday Morning,02:55,69,4xwx0x7k6c5VuThz5qVqmV,1nJvji2KIlWSseXRSlNYsC
3z53rfQOg6Eb5pBCRsd7Uu,Pennyroyal Tea,03:38,61,6ohX7moZZnF1FwYrli1OJ6,6olE6TJLqED3rqDCT0FyPh
3tlXDvaNrrOmdvG0XVUOcv,Polly,02:53,63,2guirTSEqLizK7j9i1MTTZ,6olE6TJLqED3rqDCT0FyPh
7tUtvGeKB2V5W5ms6uBlyC,Sappy,03:25,59,784v2vgKR7tIuycQVzWMOg,6olE6TJLqED3rqDCT0FyPh
11LmqTE2naFULdEP94AUBa,Heart-Shaped Box,04:41,81,6ohX7moZZnF1FwYrli1OJ6,6olE6TJLqED3rqDCT0FyPh
15VRO9CQwMpbqUYA7e6Hwg,The Man Who Sold The World - Live,04:21,78,1To7kv722A8SpZF789MZy7,6olE6TJLqED3rqDCT0FyPh
4RvWPyQ5RL0ao9LPZeSouE,Everybody Wants To Rule The World,04:11,90,3myPwaMYjdwhtq0nFgeG6W,4bthk9UfsYUYdcFyqxmSUU
3rQfYDjgpRy5LFlClpPQW9,Dancing With Myself,05:59,70,0XGgMqKNcQgd0i9YHFiPei,7lzordPuZEXxwt9aoVZYmG
1gzIbdFnGJ226LTl0Cn2SX,White Wedding,08:26,64,0XGgMqKNcQgd0i9YHFiPei,7lzordPuZEXxwt9aoVZYmG
2AtnrJEq48pGhlpgS59akM,Once I Had a Woman,07:49,42,6kvCH4eS92QkpBNdTmjLEz,776Uo845nYHJpNaStv1Ds4
2aoo2jlRnM3A0NyLQqMN2f,All Along the Watchtower,04:00,78,5z090LQztiqh13wYspQvKQ,776Uo845nYHJpNaStv1Ds4
3XxBSvDZKH5YvZZjTpn6eR,Red House,03:50,62,7rSZXXHHvIhF4yUFdaOCy9,776Uo845nYHJpNaStv1Ds4
2J8Mbdpem8CiSZKRoZOIeG,Run Run Run,04:22,49,4xwx0x7k6c5VuThz5qVqmV,1nJvji2KIlWSseXRSlNYsC
7qOVMMY0couqt76ObwY947,There She Goes Again,02:41,53,4xwx0x7k6c5VuThz5qVqmV,1nJvji2KIlWSseXRSlNYsC
5by3w3NXvwDpV9FBSOR35u,Heroin,07:13,58,4xwx0x7k6c5VuThz5qVqmV,1nJvji2KIlWSseXRSlNYsC
7JPyEGFLoJIcEkIT0P9SbS,I Love You - Session Outtake; 2015 Remaster,02:53,34,4RMGrhJRnGiNqmKqhqpLlX,1nJvji2KIlWSseXRSlNYsC
63OJHHu2ambZAvdrvhdT2b,I Found a Reason - 2015 Remaster,04:15,55,4RMGrhJRnGiNqmKqhqpLlX,1nJvji2KIlWSseXRSlNYsC
11VwZwNF29HrqwalYUMitb,Pale Blue Eyes,05:39,67,4xwx0x7k6c5VuThz5qVqmV,1nJvji2KIlWSseXRSlNYsC
29engDqjmMr3VLqMm0c0WE,Venus In Furs,05:12,57,4xwx0x7k6c5VuThz5qVqmV,1nJvji2KIlWSseXRSlNYsC
14hykKy6TC9y6chiptCtje,Who Do You Love - Pt. 1,03:32,45,7d9IZA5hVMlRqkRszYt66r,7DCnwoFMqGN6eZULdcLZeL
3Am0IbOxmvlSXro7N5iSfZ,Strawberry Fields Forever - Remastered 2009,04:07,70,2BtE7qm1qzM80p9vLSiXkj,3WrFJ7ztbogyGnTHbHJFl2
2AxCeJ6PSsBYiTckM0HLY7,Voodoo Child (Slight Return),05:12,49,2vfiwvlxOBNBohRXfvlMtY,776Uo845nYHJpNaStv1Ds4
1XuccRABkfUVB4FjSVhjL1,Alone Again Or - 2015 Remaster,03:17,55,2amHBpP8C0EUy6yBNy6nN6,391oLRVmoTkumiN79HkTWu
2K2M0TcglCRLLpFOzKeFZA,Sunshine Of Your Love,04:10,73,3W6CI0Lw7lElAPID2Fd3B4,74oJ4qxwOZvX6oSsu1DGnw
3XIEWK1V9n25PS9Vb6axj5,Born to Be Alive - The Original,03:08,75,0kVK9lFFTzhnEb4ETElbCD,1CcEgi464SWZsKY5579u7z
2VGkf2IJXOSWouDhatlH3i,My Way - Live at the Honolulu International Center,04:01,59,6AUihdKWdT5evm91G7wirB,43ZHCT0cAZBISjO8DG9PnE
551qy5vUgrUfEUc4dCNfht,Where Did You Sleep Last Night - Live,05:06,70,1To7kv722A8SpZF789MZy7,6olE6TJLqED3rqDCT0FyPh
72GArtMM1PUs0ulr1qkDVD,Everybody’s Gotta Live,03:24,3,55SUyh2rkdGh40pAa1f0J0,391oLRVmoTkumiN79HkTWu
0XXzChE5NEs2BHosMxeIe3,Keep On Running - Mono Version,02:46,53,139wQCfuct3175gUXTTxgX,3i9hP422d2KMjaupTzBNVS
5jCPgpW81gnLJcoYQhFEoZ,Runaway,02:30,61,4Qqey3tSd9AaThQRTR2Ydi,2hO4YtXUFJiUYS2uYFvHNK
3VbGCXWRiouAq8VyMYN2MI,Love Me Do - Remastered 2009,02:21,70,3KzAvEXcqJKBF97HrXwlgf,3WrFJ7ztbogyGnTHbHJFl2
7GuLQABAOtHgdebC50HGIl,Something Beautiful,03:58,52,6Kq1wGlsadyj4jQhjTO6CE,02seUFsFQP7TH4hLrTj77o
2KOt2JrCB720UxIbyzweQo,Barbara Ann,02:13,63,1j3ak8bXvTij3YcWXb6laH,3oDbviiivRWhXwIE8hxkVV
3j4viUIDSuB4xfYYlp3Lpa,A Little Less Conversation,01:39,47,3nZRriUOOM8Gvv3ox8ybn1,43ZHCT0cAZBISjO8DG9PnE
0hBPeqE8QSHKUFTb8XigQ6,Long Tall Sally,01:52,42,6zk4RKl6JFlgLCV4Z7DQ7N,43ZHCT0cAZBISjO8DG9PnE
2SknHmwY6GiOv6aK7YRahd,Rock This Town,02:40,45,2OZeNj2ufBLYzKYYr1oRGP,2ibPkysx2PXqWLmxFD7jSg
0WwmFdGXe7Yky4T2J1oqLk,Your Cheatin' Heart,02:44,51,4Cdvtu5XUmCKPwcnue11xS,2dyeCWctcFRt3Pha76ONgb
6Xo08nQxxlOnbZntJc8ZV7,That's All Right,01:55,60,1NVsMlJgD5GHf0CT1IewbU,43ZHCT0cAZBISjO8DG9PnE
62AuGbAkt8Ox2IrFFb8GKV,Sweet Caroline,03:23,80,6RfgcwsOUlWkGNAd6zjjYd,7mEIug7XUlQHikrFxjTWes
4IiEsxrgzIMdqoN3dwxk6g,Rocket 88,02:49,42,72uPVZB2T541kI9nT4khgC,1ZikppG9dPedbIgMfnfx8k
4LcrHUkRmXG3c0YD5VYutn,At The Hop,02:30,59,0AL8t9Dy1L9nf1ZnBlLeLq,6Ahm6X9wSKXitavOvu0XzY
2hWKJO4c9L7kJmX4pBV6j8,Don't Be Cruel,02:01,64,0gv5aiVS1WBUZOKeb7YawE,43ZHCT0cAZBISjO8DG9PnE
6oBF1cp6eqv0QVGJALCyk7,Flyin' Saucers Rock & Roll,02:02,36,21VQE8cleE2is06r3F6dQS,0a85EJEd3a9RGM9ops09rZ
63kd4m3VFxcJjPVVtbVNAu,"Hello, Dolly!",02:27,74,213k6pbTGOHxlMpz5lb7zC,19eLuQmk9aCobbVDHc6eek
0ZvgXNstN4o2ZXPomtBYVp,"Good Golly, Miss Molly",02:09,62,18VnWTsdEcofimkOHcWBAu,4xls23Ye9WR9yy3yYMpAMm
3blZQACtFvG4fskP1s7sMs,Rockabilly Rules OK,02:23,23,4YrBBajZlnPm3MDaLm3kuh,1GpRTQRruGUoxhRYV0RtEv
4tmy6FB76bR5eLmx0zO1mn,Pennies From Heaven,02:21,69,5RDBugAE4cU2vbLZj0dvmf,52lBOxCxbJg0ttXEW9CQpW
49ScE2M6RIqfeHnnP4v94B,No Expectations - 50th Anniversary Edition,03:57,47,6OHri5qNxwCdVSdyCslspd,22bE4uQ6baNwSHPVcDxLCe
0apxGgBLcrpFqWVi1mDL5O,So Glad You're Mine,02:20,33,6zk4RKl6JFlgLCV4Z7DQ7N,43ZHCT0cAZBISjO8DG9PnE
4RFXxfEbWBPl0W9EDJrJ7s,Go Champ Go,01:55,28,56dcDUhBf8fOnveET5B61r,3yt4IVDHz0luREG9Uf9xrp
5Ow4ULCExmEjvgZ5lTSNnT,All Aboard,02:50,12,0fxEk9XwCgc8ecfjlPtcg7,4y6J8jwRAwO4dssiSmN91R
1mzIGcHiEagCiaLKb4YIvM,Crazy Mixed Up World - Alternate Take,02:01,30,2Y2oBBKe7dnNGJrf6HAGBc,22JuR9OeENcP54XN5TlNWS
4weRyxAf8Wxb2KRuJkynmq,Dalarna,04:39,1,1pOaWNrABI8Jjp3GxNt5SQ,6dUZplQfg5blo0h9HiJ94d
2EY3kIJoQllMvd9Jp8intW,Cup Bearers,04:09,37,04cIZyuIIPyatqgjinm3He,6dUZplQfg5blo0h9HiJ94d
1dwg7tCqzs616yYWj6NJ2i,Havana Moon,03:06,28,74l3iTVn21XoY6VZJ0FpkH,293zczrfYafIItmnmM3coR
6H7OQEC6V2X0mB0ss3yrI8,Louis To Frisco,02:20,39,4qce3g6j5IGks63lY23eTD,293zczrfYafIItmnmM3coR
6C7aTTCUWRK7dD379yUT3W,Roll Over Beethoven,02:24,64,6eedtCtCjibu80yOhylSGL,293zczrfYafIItmnmM3coR
32KddGW46wnlpKbl62gqca,Viva Viva Rock 'N' Roll,02:02,35,1gx9zPpDsECgKU5TUc7PbR,293zczrfYafIItmnmM3coR
3M3p4B9xCOFB4WRtqcz38F,Old Shep,04:08,34,6zk4RKl6JFlgLCV4Z7DQ7N,43ZHCT0cAZBISjO8DG9PnE
1RZljuJuHD23UrppF3GkpL,Ready Teddy,01:55,39,6zk4RKl6JFlgLCV4Z7DQ7N,43ZHCT0cAZBISjO8DG9PnE
2Ug05h8QiVOvCCG2EDfMun,When My Blue Moon Turns to Gold Again,02:21,40,6zk4RKl6JFlgLCV4Z7DQ7N,43ZHCT0cAZBISjO8DG9PnE
5l4AZGLQCZJKEXcKzmJthD,Just Because,02:31,38,6zk4RKl6JFlgLCV4Z7DQ7N,43ZHCT0cAZBISjO8DG9PnE
6VqCe4PcokSekHPJQaDx0B,Blue Moon - Take 9/M,02:42,49,6zk4RKl6JFlgLCV4Z7DQ7N,43ZHCT0cAZBISjO8DG9PnE
4zQLZPcTl8hJC5pJtooT3h,Trying to Get to You,02:30,43,6zk4RKl6JFlgLCV4Z7DQ7N,43ZHCT0cAZBISjO8DG9PnE
5AvKhhpwm0bsuuwOz9NI0Q,I Love You Because,02:39,38,6zk4RKl6JFlgLCV4Z7DQ7N,43ZHCT0cAZBISjO8DG9PnE
6ePcDDP1t0GHmIQSBd7FwY,Tutti Frutti,01:57,49,6zk4RKl6JFlgLCV4Z7DQ7N,43ZHCT0cAZBISjO8DG9PnE
7noWm4lKCBIiQThaIX5oEK,One-Sided Love Affair,02:09,39,6zk4RKl6JFlgLCV4Z7DQ7N,43ZHCT0cAZBISjO8DG9PnE
0SSKHTfyUmL8JUQtfpKcfB,Promised Land,02:53,61,47pECKZZzoUQ2aug4zJLGv,43ZHCT0cAZBISjO8DG9PnE
5j8cflZIx0GwvlkzPImbtK,"Baby, Let's Play House",02:19,49,1obc6uvzMsDUd6Q76MP1kI,43ZHCT0cAZBISjO8DG9PnE
2d8D7uk3tbAThjRkdfrx9c,Voyage voyage,04:26,74,17EANLCoErHdo9FpzMx25q,1yjAx9cww4f1QuAaN3dUI2
3VObTAziCKm64udBqry9Ax,Orinoco Flow (Sail Away) - Single Version,03:45,50,6euqAQ8Nl6axefUvo2oJMQ,6uothxMWeLWIhsGeF7cyo4
47gmoUrZV3w20JAnQOZMcO,Blue Suede Shoes,01:59,68,6zk4RKl6JFlgLCV4Z7DQ7N,43ZHCT0cAZBISjO8DG9PnE
2aAYLg4QVTOBVsP72lAyzE,I Got a Woman,02:24,46,6zk4RKl6JFlgLCV4Z7DQ7N,43ZHCT0cAZBISjO8DG9PnE
6Evy14WwFHLIJNxvBMnoX6,One Good Man,04:09,42,5rFRfDq52l2l5RtS5kxA9A,4NgfOZCL9Ml67xzM0xzIvC
5Z27tZEeC8WBiQvoDpx1Sw,I Need a Man to Love,04:53,50,2rogKfOpmCFuqNhtGKf2dX,4J69yWrKwWJgjv3DKTZcGo
7eYYxblNEZKKeTT0HBQbXO,Kozmic Blues,04:21,60,5rFRfDq52l2l5RtS5kxA9A,4NgfOZCL9Ml67xzM0xzIvC
6uwJgwm1ipdr7JKNfEjjV1,Easy Rider,02:23,39,4W821NJLoB9uHHkAFNXXKu,4J69yWrKwWJgjv3DKTZcGo
1IqFh00G2kvvMm8pRMpehA,Me and Bobby McGee,04:31,72,3j7nicLAWXM0Fb08q9XGyf,4NgfOZCL9Ml67xzM0xzIvC
6tv6EVWMV7AIWi8PhZ0uvO,Little Girl Blue,03:48,53,5rFRfDq52l2l5RtS5kxA9A,4NgfOZCL9Ml67xzM0xzIvC
101mZEbrIPeflaZfsj2PTi,"Little Girl Blue - Live at McMahon Stadium, Calgary, Canada - July 1970",05:10,26,3j7nicLAWXM0Fb08q9XGyf,4NgfOZCL9Ml67xzM0xzIvC
5NXI6TWg0mQRmbGPHzkoHk,A Woman Left Lonely,03:29,46,3j7nicLAWXM0Fb08q9XGyf,4NgfOZCL9Ml67xzM0xzIvC
2AxCeJ6PSsBYiTckM0HLY7,Voodoo Child (Slight Return),05:13,69,5z090LQztiqh13wYspQvKQ,776Uo845nYHJpNaStv1Ds4
5J2CHimS7dWYMImCHkEFaJ,A Hard Day's Night - Remastered 2009,02:34,71,6wCttLq0ADzkPgtRnUihLV,3WrFJ7ztbogyGnTHbHJFl2
7loEq2SFFcBnDMZgwO6A4v,"Baby, Won't You Please Come Home - Remastered 2002",02:22,46,1WaEei1N5T6BU7uV86oXJR,7rpf45DdbpweG51Acze45i
3QnHWkNMY2mpy494Bis0ly,I Just Want To Make Love To You - Single Version,03:05,67,7rd4PorIOPjPTy7qdUeeCt,0iOVhN3tnSvgDbcg25JoJb
5Oc0vLGWdEWeCqIU8zyELt,Hound Dog,03:01,58,6U60FpmscwzTJjc9gmZcKl,6bR0cgMtkCVpm0I5yrDNzO
5RC6D893kdyFTbbXq9G3qZ,Fool That I Am,02:57,53,4NWqIjT0hua7Ezv91t389w,0iOVhN3tnSvgDbcg25JoJb
0JqDfzUZZi86BoZnx1MPQv,Believe Me - Remastered 2010,03:00,43,2k5XYJN31jQz577blA1Xod,4pJCawaKSZ40EnxN0YEYw3
2lvBjTlia0x9GXfnZ3jbui,"Buzz Me, Babe",02:14,50,5DqktKLSuwx51XACoKu1Hg,36hwOoNPgnsKnhoMBYpJrJ
4KfSdst7rW39C0sfhArdrz,Barracuda,04:21,77,1LaeNhiUpL3X6N0LcFvuDF,4tX2TplrkIP4v05BNC903e
6zeE5tKyr8Nu882DQhhSQI,Dust in the Wind,03:26,81,6oU298pdPTCQnMx1PYwyUA,2hl0xAkS2AIRAu23TVMBG1
0dOg1ySSI7NkpAe89Zo0b9,Born in the U.S.A.,04:38,76,0PMasrHdpaoIRuHuhHp72O,3eqjTLE0HfPfh78zjh6TqT
2FtX5tOFUVOyjcGQiuGR8f,"Damn Right, I've Got the Blues",04:31,57,7IxnFL0kaVSqs9iy9qSqPj,2gCsNOpiBaMNh20jQ5prf0
4Gia17DzXBhYFbYiJj6SyW,Working Man,02:27,55,39zS4QvdYkdcoa7VzG7KHe,1h0hOL3bVcYlg4xcSjU7fP
6ECnAHxGQilDe32zQqfdz3,You Don't Want Me,05:16,45,4IWaRuc8RGDetpOm5Bv4Ho,3Ev1WS21x5Jav9j214A19O
2r6Ve8kNEzqg3u45UL0muX,Big Chief - Remastered,03:14,49,06pOxWHDhPhmyVGkWRqw4T,2RyY5yFlJh6jIPfMDhHgyD
5x7Oxaa9EEIx9nw17CC5yW,Chains And Things,04:53,58,1NgGj5ECcDELHjoQRX2P1l,3plJVWt88EqjvtuB4ZDRV3
4vpeKl0vMGdAXpZiQB2Dtd,White Rabbit,02:30,73,6lPb7Eoon6QPbscWbMsk6a,2qFr8w5sWUITRlzZ9kZotF
0RTjFVHvqjTdpX2NawwyXI,Stumble,03:36,53,1Usun6ssY8Yq6GqRKWsSFz,5dCuFngSPyOOnTAvrC7v2s
4qYHnP5AmKzXbJhciPV8si,Ain't No Love In The Heart Of The City - Single Version,03:53,67,5OkHt7JZ6HSkJH359y2H31,48nwxUvPJZkm8uPa7xMzmj
1PaaWCtJ2VTbwFkC2JM5j0,Fado amizade - Remix,04:05,3,52Lq2VmTrGltxp6XUl2hxS,2fL495wXbHl5EkigVW34vp
2TAw3S3uk93NBMiZAv2qH8,Dançam no Huambo,03:15,27,2XFiMY3Wyk2Aivel6sDyfc,2fL495wXbHl5EkigVW34vp
5orygsZ5Ga0jEOvftsXqw2,The Seeker - Edit,03:10,52,0NufsuTuf3U0BY0p6jFdxV,67ea9eGLXYMsO2eYQRui3w
587bVBCHYW5Q2VNRLig4AS,Born On The Bayou,05:15,68,5pCRW9AT4BgoMOS52pRoJq,3IYUhFvPQItj6xySrBmZkd
5VbePtZp1at8gH990zVyTI,Hollywood Nights,05:02,66,1vhib5WLHRVdOpRjiTHk15,485uL27bPomh29R4JmQehQ
19P4fwkPhE6yVAXApFWDoF,A Life of Illusion,03:30,59,2hsMdQyMatj8wUABiwGgkN,5bDxAyJiTYBat1YnFJhvEK
250dZY8xYbhHGQpM6bgL52,In The City,02:17,55,5Mq5p94xQFYEnRetWkCP7l,01hRNr3yF5bYnPq4wZ88iI
6pqWrRF9K2PHpBmmRSIte4,Cosmik Debris,04:15,47,3EbtMJsHbspjhN6Xd4plIu,6ra4GIOgCZQZMOaUECftGN
4RGxUjaCmVtD30pIhtEi7w,Sunshine Superman,03:15,58,2ULhVPvdhT7RREnqRWM06G,6vLlQYujOujIrm7zAKzEdG
7FDFtgdyzlBN0tUo3boGZe,I Can't Be Satisfied,02:42,35,6xU8hHhpGaDmFdOVEGRzpY,4y6J8jwRAwO4dssiSmN91R
63MynbvINbRgvE2HupTJgF,Sweet Little Angel,05:39,29,3cx4CSrzwft7UVlsoZxbTZ,2gCsNOpiBaMNh20jQ5prf0
6NrDlcZd8UusKh5qyqELGF,You're Lost Little Girl,03:00,53,6v5IVMmY1IvWtbfnQoiFSf,22WZ7M8sxp5THdruNY3gXt
5FlBGGwGuqYmqr0qeBWrxe,Five to One,04:24,58,0qZTwrunzX3LG45PvRghmh,22WZ7M8sxp5THdruNY3gXt
4NpxfFElS8EyrAUdNupEOy,The WASP (Texas Radio and the Big Beat),04:13,47,7IKUTIc9UWuVngyGPtqNHS,22WZ7M8sxp5THdruNY3gXt
1E7qCptwRPfvZrIDyDDgjh,Been down so Long,04:39,55,7IKUTIc9UWuVngyGPtqNHS,22WZ7M8sxp5THdruNY3gXt
0I060wAAVjhFv28hJ5rpGZ,Rock Me Baby - L.A. Woman Sessions,04:39,24,5zJ5Hz4a5OACoowuL3x86m,22WZ7M8sxp5THdruNY3gXt
1Q5kgpp4pmyGqPwNBzkSrw,Roadhouse Blues,04:03,73,6AFLOkpJjFF652jevcSOZX,22WZ7M8sxp5THdruNY3gXt
3MFFDRC4wTN9JNGtzXsZlN,Love Her Madly,03:18,71,7IKUTIc9UWuVngyGPtqNHS,22WZ7M8sxp5THdruNY3gXt
14XWXWv5FoCbFzLksawpEe,Riders on the Storm,07:14,75,7IKUTIc9UWuVngyGPtqNHS,22WZ7M8sxp5THdruNY3gXt
1NeQzAqahRYI09bgLbhVFN,Melancholy Man,05:45,55,1TOvW3icPZmigoT9CrRav5,5BcZ22XONcRoLhTbZRuME1
3PG7BAJG9WkmNOJOlc4uAo,Femme Fatale,02:39,67,4xwx0x7k6c5VuThz5qVqmV,1nJvji2KIlWSseXRSlNYsC
0bjW2xJbv5yMUZbesjExos,You Just Can't Win (feat. Van Morrison),02:23,21,3m2VRFXdCnyiTql8tcZ7Ov,0FZcPgWI3BsFQl4rOAGSHT
7Ak1aR9cK5b4yKHdhIhNVq,You Need Love,02:45,40,182PeD4zms8Cup3oZcACOB,4y6J8jwRAwO4dssiSmN91R
26ZF6lHwjmb9Peq8jdbKUi,Universal Mind - Live,04:54,31,0BgWlAKJAn8VQKRKIdx9ul,22WZ7M8sxp5THdruNY3gXt
3UkIDJbMn1zWRI0ttkhUB4,Blood Is Thicker Than Water,02:58,40,1BuSpq4sdqKEm7Xz9FOJ9c,0zfT626RwO6zN3RDYeRit5
28PORYgAQ5vrbwtobRlCoq,A Felicidade,02:04,56,5TGwdCOJzrpqTEFu7Uojkn,3pO5VjZ4wOHCMBXOvbMISG
0PHGV9pWYv91WCeCXhdWye,Triste,02:42,60,3SE9n6EaVOJ81KA1KPLUWS,0yFvXd36g5sNKYDi0Kkvl8
5je0CDv1Z1hT82Nek1Fjhl,Só Danço Samba,03:36,65,1JDkIxq4xRW7ySH89sGflc,0FMucZsEnCxs5pqBjHjIc8
5Uy2VG17h0IviBCRkvaOmU,Falling (With Rodrigo Amarante),03:44,26,1wr53NXlBQEVIJ8UTwzdbh,2Kx7MNY7cI1ENniW7vT30N
2eeAWekw4VfqvABx96q40R,Maná,02:39,0,6KSeu8f8XlgtsfA9nrkygw,0UOrkpzPED604dKzxgfJqg
1wy0VLQFdSZxhYDWuANvp0,Irene,03:17,0,6KSeu8f8XlgtsfA9nrkygw,0UOrkpzPED604dKzxgfJqg
6g2BiiVQqY5v1S4HIrM54F,Tuyo (Narcos Theme) [Extended Version] - A Netflix Original Series Soundtrack,02:31,67,3NRTc5qEBAqOt3dKPFkmnu,0UOrkpzPED604dKzxgfJqg
4GCGH6TJ69neckwITeBFXK,Earth Song,06:46,70,3OBhnTLrvkoEEETjFA3Qfk,3fMbdgg4jU18AjLCKBhRSm
4aVuWgvD0X63hcOCnZtNFA,Hold the Line,03:56,55,5QB4Ykf95muHSKHmc4oOL3,0PFtn5NtBbbUNbU9EAmIWF
1p0P2eieaxzqeBov2oP1VQ,Gardenia,04:14,38,1pyIYnwE5fvCUOofffwZm0,33EUXrFKGjpUSGacqEHhU4
6ZAwEE4kTdtvyE66iRhFxR,Real Wild Child (Wild One),03:38,63,4j1zp01LTkV9kNWAuKU45c,33EUXrFKGjpUSGacqEHhU4
3CkjLJYnnyOtGk4Jx4iYS4,Woman,02:55,60,5ywynDHLHT3l8QSu41TcmC,3yEnArbNHyTCwMRvD9SBy4
5p9MpS0JdzVfbdJuHwhvqI,Country Comfort,05:06,40,03zfU3IwWmymKoaWnwFNaY,3PhoLpVuITZKcymswpck5b
0pUVeEgZuNyFzIMKp67RbS,Eyes Without A Face,04:59,80,2FZNWUmgRoP8uJZBaHJdfj,7lzordPuZEXxwt9aoVZYmG
3ftiFrrCfIUljSWeZ9lRMd,Nasci Hoje,03:16,36,57CRKZHQeriexCg9awC6dI,2JDzHpbTcm5cu8Ne2SDYo4
5WJgfYgFYGBdsXCixolcXa,Vou P'ra Longe,02:47,19,57CRKZHQeriexCg9awC6dI,2JDzHpbTcm5cu8Ne2SDYo4
3qaWD3zvihT2d9EiGGljuE,Quanto Mais Eu Grito,03:07,26,0255H77c6yUoTqf7aBReHQ,2JDzHpbTcm5cu8Ne2SDYo4
2SDy7OQObjg2u2oSQmkvtp,Histórias de Silêncio,03:52,14,1Ac5EdiBoPxzyDwpfKC6R2,2JDzHpbTcm5cu8Ne2SDYo4
6Q9kdCHXpAef5YbKXKeG9M,All We Ever Wanted Was Everything,03:52,56,42L0285NmWnp6lF0Tf6uyw,5N5tQ9Dx1h8Od7aRmGj7Fi
2wBKNmYONrCxgmHc2HhQ8C,Ziggy Stardust,03:13,52,42L0285NmWnp6lF0Tf6uyw,5N5tQ9Dx1h8Od7aRmGj7Fi
3xvCFEGjWycuWkgtvnLOI8,Bullfrog Blues,02:20,52,0TBmLh3U5sk1F8eF0twjwi,27a0GiCba9K9lnkKidroFU
55ROr3cl3yi4YRBgfpDy1d,Call The Doctor,02:27,59,3cpNHI7xhNIosF9WjSk8Zh,06nsZ3qSOYZ2hPVIMcr1IN
4A48NL57P16zSRaq3yoYry,Vicious,02:56,58,5SqbMEyAt8332ISGiLX0St,42TFhl7WlMRXiNqzSrnzPL
7zE7VClzAEYa9nUDC950pT,Every Night - 2011 Remaster,02:33,60,2lOll0xAGw8FPjwmwopAKT,4STHEaNw4mPZ2tzheohgXB
5fXRPS1tp70DbqsBZVyG4e,Happy,03:04,47,5U4dnRZsfW8NmwBBkELFPh,22bE4uQ6baNwSHPVcDxLCe
2u63axjx9VKmFfQNqmpi8a,Let It Loose,05:17,45,5U4dnRZsfW8NmwBBkELFPh,22bE4uQ6baNwSHPVcDxLCe
34OzAaQeAWlFnZBSyUAtRh,Loving Cup,04:24,43,5U4dnRZsfW8NmwBBkELFPh,22bE4uQ6baNwSHPVcDxLCe
4hq0S6wznq7SHDyMOFXL9i,Tumbling Dice,03:46,65,5U4dnRZsfW8NmwBBkELFPh,22bE4uQ6baNwSHPVcDxLCe
0SojSZcka4j8l8Sl0W9jUZ,Rip This Joint,02:23,53,5U4dnRZsfW8NmwBBkELFPh,22bE4uQ6baNwSHPVcDxLCe
0iA3xXSkSCiJywKyo1UKjQ,Louie Louie,02:45,66,2SMBIc9VqCmLvWAd9srlSx,2iIn8H3l2NNBNHFpYKWbfo
7oil08uGIhvyGm6rOWRYAd,Now We're One - Single Version,02:04,21,6QokLIPpN1S9jylLQd6XMG,3wYyutjgII8LJVVOLrGI0D
2OARIMw1hpehr86Iwmv04c,Peggy Sue,02:30,59,4Qy0SOU9Jg7Td10K68SanP,3wYyutjgII8LJVVOLrGI0D
0sSUf59FSVsRZDfSZDNcEj,Slice of Your Pie,04:31,26,0VPad241NfcHMOXcRcLrDe,0cc6vw3VN8YlIcvr1v7tBL
2t8hAwOuHbNOl76LBWMU0R,Without You,04:30,40,0VPad241NfcHMOXcRcLrDe,0cc6vw3VN8YlIcvr1v7tBL
2cK3p7n7THxcEgzKGZfsuQ,She Goes Down,04:37,27,0VPad241NfcHMOXcRcLrDe,0cc6vw3VN8YlIcvr1v7tBL
4NUIdHd04RIUdTmwNVBw5I,Same Ol' Situation (S.O.S.),04:14,46,0VPad241NfcHMOXcRcLrDe,0cc6vw3VN8YlIcvr1v7tBL
4x2Bo5tiMo9lOOmti4YAvN,Misunderstood,06:53,16,3ziMIeeKCSIIwoIeTEp79L,0cc6vw3VN8YlIcvr1v7tBL
35Aj3CGTmWkjGr4bjYmkk5,Dr. Feelgood,04:51,54,0VPad241NfcHMOXcRcLrDe,0cc6vw3VN8YlIcvr1v7tBL
1p2rdOyJKHLuqJR9S3uevx,Hard Lovin' Woman,03:25,26,3jb80uITBoKioTLmu8cqaC,568ZhdwyaiCyOGJRtNYhWf
07W9HcJyjXPnKQSMbUcWZU,Wasted Sunsets,03:55,49,1FOmatanDRxS9EGcxjXKuO,568ZhdwyaiCyOGJRtNYhWf
5DVKAQZ0Z8Nct8CW8t52wd,My Sweet Lord - 2020 Mix,04:39,0,1EFOYsAkyfwLkS5OPfobak,7FIoB5PHdrMZVC3q2HE5MS
0DnGfA1r8pAssJCuq4ojla,Still Got The Blues,06:10,68,5yrouz3mmUWSsCufl1tLUJ,23wr9RJZg0PmYvVFyNkQ4j
3QmesrvdbPjwf7i40nht1D,Everlong - Acoustic Version,04:10,71,1zCNrbPpz5OLSr6mSpPdKm,7jy3rLJdDQY21OgRLCZ9sD
3SHST04hhfRBD6QSPPeYRg,Ancina,01:56,14,5QZw2ZyC5WU7qeF3SUaY0X,3JKriihz86XXWpMSRVimNp
4sDMgmdCGm0pnYb7NGuRAs,Springtime Serenade - Piano Version,03:00,37,10gZyaNfOYTkxZPsfcbOLv,6zFYqv1mOsgBRQbae3JJ9e
5LlABQk597k6FT04t0gAJu,Sunset Stroll - Piano Version,02:45,38,24NqcoszSUCGITliEqTsti,6zFYqv1mOsgBRQbae3JJ9e
5nXFVrNi5gAVIZEJWtmlRv,Mellow Out,02:17,33,4EsuGhEEaJJ6frGo2co7cS,6zFYqv1mOsgBRQbae3JJ9e
5OBt4jxqFW3pBCCUo2v4wI,Quiet Sunday,03:18,26,0RxgJ8N6whSaaidGO5ES9E,6zFYqv1mOsgBRQbae3JJ9e
5LBLiai59ztwzxaWbS74kh,Mountain Mist,02:23,27,5kKsmiV8j4o8qXIw8UtjeA,3jvyO2jDkfBe2vuI6euFny
5k9fH8zWL4WYkQWGpIy21B,Gloomy,03:48,34,7oIftk0P8cViwNpNEdCYl2,3IYUhFvPQItj6xySrBmZkd
2gE95JskwQ1pCACTpGe1Db,Down On The Corner,02:46,77,31q47gQszFt0CddSyMksgO,3IYUhFvPQItj6xySrBmZkd
4TIJ7zSBNejpoIPaWpWRKc,Rebel Yell,04:48,77,2FZNWUmgRoP8uJZBaHJdfj,7lzordPuZEXxwt9aoVZYmG
0UCg6lnG2MXpuEpf8Pk1MV,Strutter,03:10,65,5k34rAvlw3WV7Kh6dAZnxG,07XSN3sPlIlB2L2XNcTwJw
6xq5DxZWGgdStAxGAil0yw,Since You Been Gone,03:17,71,1xlTRhgWQSEvu9DPHVn8uJ,4hz8tIajF2INpgM0qzPJz2
2uLx3Gka9TGCz9Zgu7Uwav,Whiskey In The Jar,05:45,61,6jXNB46aXlL2oWY03GtFHy,6biWAmrHyiMkX49LkycGqQ
1gcESexgftSuLuML57Y69q,All Right Now,05:30,73,1ydlm89JR8cV8VuSaNvHNL,4596e2d3KmYzAeVenjCxfj
0upLyFR8Rr52ZpMp5esQoq,You Really Got Me - 2015 Remaster,02:36,72,7DdEbYFPKTZ8KB4z6L4UnQ,2cnMpRsOVqtPMfq7YiFE6K
09xbhnZy04ek1kpq3SgHYi,Rosalie,02:56,48,4XGIy3KPZ0zjl5dhhvQtFQ,6biWAmrHyiMkX49LkycGqQ
1HBDWCrQVjrALiOA5rILnE,Sure Know Something,04:01,58,4FA68GsblSfvKZZRfM1tI1,07XSN3sPlIlB2L2XNcTwJw
6L5BZEcZmD6RBJnimzlyKr,Nights In White Satin - Single Version / Mono,04:29,69,3JyYXOBRAuc3XFQxFxrEcM,5BcZ22XONcRoLhTbZRuME1
3KiexfmhxHvG5IgAElmTkd,I Saw Her Standing There - Remastered 2009,02:53,69,3KzAvEXcqJKBF97HrXwlgf,3WrFJ7ztbogyGnTHbHJFl2
2uXkW8uJcOIhlbUatEPLPs,Have Love Will Travel,02:40,57,4vqaqoTEbNyeeSHJA6KpdM,2g3PKH7Z1Ofn5oGR6oDjLy
5JcaA4A9ZoXthwEnxOxWvP,Psychotic Reaction,03:05,55,7Mccdl5xR9mfqo00lgDVDA,57WXdjUf5Vlq3klNZegeTP
7jGzYUZ2Bgg8BDfYlQRfn8,Wild Thing,02:38,0,23x8Ucc6W7wRgytoiVP9yw,57xdnSVt4ahJCIXYLieQ25
4fQMGlCawbTkH9yPPZ49kP,Green Onions,02:56,73,2aGFVLz0oQPa3uxCfq9lcU,2vDV0T8sxx2ENnKXds75e5
3AhXZa8sUQht0UEdBJgpGc,Like a Rolling Stone,06:09,71,6YabPKtZAjxwyWbuO9p4ZD,74ASZWbe4lXaubB36ztrGX
3lN8PP6R2IxbLP05QpYXng,Born To Be Wild - Single Version,03:32,69,64q58AfjSrrX9Egp7Zryw8,1WRM9i067hd2ujxxi8FI3m
7waQASGjvaRBw6jyX3gVZ0,Sweet Caroline - Single Version,03:21,0,3I8Dj6DKFx982tQKLfYdt9,7mEIug7XUlQHikrFxjTWes
5UWwZ5lm5PKu6eKsHAGxOk,Everlong,04:10,87,30ly6F6Xl0TKmyBCU50Khv,7jy3rLJdDQY21OgRLCZ9sD
09Plbz3Ja2gxU9xCsqA5KY,Sunny Afternoon,03:30,49,44tcGfOAI8iZc1U5BAgLkT,1SQRv42e4PjEYfPhS0Tk9E
0zABw1PtGYHsU4VDpDZsra,Needles and Pins - Mono,02:11,33,09rvbOvN7ToOXX0CNlCJYF,4QmkLL9JOqM9dusHS1Hghe
4fn4imVYZcfM5s4cSCDRTm,A Well Respected Man,02:41,48,7eg8HfRw9SIlcF78gse2i3,1SQRv42e4PjEYfPhS0Tk9E
3qt3ybU6MScMxMKL2TYBvt,No Particular Place To Go,02:43,65,6ITR4bqkKZGyanAlQgXtyK,293zczrfYafIItmnmM3coR
5VSAonaAPhhGn0G7hMYwWK,Sister Golden Hair,03:19,74,6Ef4yClroC8pMGktYOUd5n,3vAaWhdBR38Q02ohXqaNHT
1Dg4dFJr3HW7sbA7vPejre,Eight Days A Week - Remastered 2009,02:43,67,1vANZV20H5B4Fk6yf7Ot9a,3WrFJ7ztbogyGnTHbHJFl2
5Hn7uZqDarw5VTNX1XluV3,"Bullwinkle, Pt. II",02:16,54,5JKuLMmQiGphE92NWiXTxD,7CkD6EhsfLIn8UMhw9QsPf
252YuUdUaC5OojaBU0H1CP,Come A Little Bit Closer,02:48,60,0LMJo3p9QqRjaap3qvlTY6,0DAqhikcMKLo2lPADVz2fs
0wva7TtE4QUkKtnMHP9BpT,Spill the Wine,04:06,57,3eFHSj92hUa4efE4f4I3qY,7kplJl06UmldxLKseURAYi
1o6DclZHw0HomxXEQR1ijX,Rock & Roll - Full Length Version; 2015 Remaster,04:43,57,2ny1rPsLOoKNFZhMLubMrs,1nJvji2KIlWSseXRSlNYsC
1Qa0Y05al633fG8f9Peytc,Maybe I’m Amazed - 2011 Remaster,03:49,68,2lOll0xAGw8FPjwmwopAKT,4STHEaNw4mPZ2tzheohgXB
0zK545STj6P7qbFSpCK9pp,No Matter What - Remastered 2010,03:00,62,2k5XYJN31jQz577blA1Xod,4pJCawaKSZ40EnxN0YEYw3
4MLBqAEzNN89o2M9h92Z26,Get Back - Remastered 2009,03:09,73,0jTGHV5xqHPvEcwL8f6YU5,3WrFJ7ztbogyGnTHbHJFl2
27mdmXNcO0gNpXlrWi9DPZ,After Midnight,02:51,50,21swqoPE6wszY0IC8sJEYs,6PAt558ZEZl0DmdXlnjMgD
7DiaNCPgH5dJ1cJ925jTAA,Let It Rain,05:01,52,21swqoPE6wszY0IC8sJEYs,6PAt558ZEZl0DmdXlnjMgD
76TZCvJ8GitQ2FA1q5dKu0,The Boxer,05:08,73,0JwHz5SSvpYWuuCNbtYZoV,70cRZdQywnSFp9pnc2WTCE
3lh3iiiJeiBXHSZw6u0kh6,Into the Mystic - 2013 Remaster,03:25,44,6yNYC35npMBHbxG0Vle83O,44NX2ffIYHr6D4n7RaZF7A
2EB1aFLWC4uIfld5Z3Yj1z,Sugar Magnolia - 2013 Remaster,03:19,54,2UDDZVesmQwA4aYfa55diS,4TMHGUX5WI7OOm53PqSDAT
1dqv2UXPuIorspg0F9gV04,Let's Work Together,02:50,51,7CZCDYdgJPRzRAHk91SJGh,27a0GiCba9K9lnkKidroFU
5piJiL6aRhvrKBa9YuEfS9,Peace Frog,02:50,68,6AFLOkpJjFF652jevcSOZX,22WZ7M8sxp5THdruNY3gXt
2kkvB3RNRzwjFdGhaUA0tz,Layla,07:03,76,5iIWnMgvSM8uEBwXKsPcXM,2rc78XDH9zuJP6bm78lU8Z
5fZaORfoLqj4fIRqbHA9Bz,Dream A Little Dream,03:33,55,4yY8NL5zw83iBAvqVuUAL4,2HcwFjNelS49kFbfvMxQYw
7MTdv6v3vsmQcVfh7eIaks,Tripping,04:36,63,14cUCy4aMykhZbIFTw7dtW,2HcwFjNelS49kFbfvMxQYw
0zaAUrSvMYrBGcLcmWKcxy,Beyond the Sea,04:27,55,6pXwZ3QYQOcP3mNVN1F6CB,2HcwFjNelS49kFbfvMxQYw
6xwsfXjIXJgJjumbxdJiLi,Sexed Up,04:21,60,4QyE2i0y4nyxHsiwm6VK9V,2HcwFjNelS49kFbfvMxQYw
7dJPdkMEbbzv0ICpBodzm6,Let Love Be Your Energy,04:59,44,0fpjbJvjq6Zxj8xoIjX31m,2HcwFjNelS49kFbfvMxQYw
3cqYpFsUg6JvMwxmJWFAcR,Little Green Apples,03:16,40,4yY8NL5zw83iBAvqVuUAL4,2HcwFjNelS49kFbfvMxQYw
3EY1sjf2Xq86pQN0L4hEnU,Advertising Space,04:37,60,14cUCy4aMykhZbIFTw7dtW,2HcwFjNelS49kFbfvMxQYw
6mZCiuIXcA12syIS23Dyxa,Come Undone,04:38,63,4QyE2i0y4nyxHsiwm6VK9V,2HcwFjNelS49kFbfvMxQYw
4RYwE31p4KflK1h7J7m1Yt,Spooky,02:44,75,08W4d8uMIQvJg0nlwR1rBN,5zaXYwewAXedKNCff45U5l
0bfvHnWWOeU1U5XeKyVLbW,Can't Take My Eyes off You,03:23,73,0NUEQILaBzavnzcMEs4buZ,6mcrZQmgzFGRWf7C0SObou
3s2inuLbQQZ7z1GJrdlQr6,Forever,02:21,49,0XuV6U9ee6UB1faItAbEic,0MponVSpW81oLvJZ53vYZH
7ppPgpUdNPbHhuqYwN2SXu,Fool for You,02:52,41,1kKPH6oqlh9iPP3uAQhb68,1b1N51wmSK0ckxFAMPSSHO
07PIhdmyYIw8dMeDMsx9FU,Words,03:17,0,5GucSY3249qHDx4v1Hcxry,1LZEQNv7sE11VDY3SdxQeN
3UCmuRdeTriWgOZMEJsfqZ,Spanish Harlem,02:54,58,2WcVleVG28RWzWLDLZnVgp,3plJVWt88EqjvtuB4ZDRV3
2zF8ro2hX0aEYaqXQdEKW1,How Sweet It Is (To Be Loved By You),02:57,0,1kYeM6oy6I8tK7668jM7Hw,3koiLjNrgRTNbOwViDipeA
4HiOvJ1lASRijDaaqtZQ9N,For Your Precious Love,02:45,47,2PHrZGSFqrXwJ4RM5svp4T,1b1N51wmSK0ckxFAMPSSHO
0PkBTqRtN25z3oKasWoKlj,Only the Lonely,02:25,67,5txtL5NwxbzS5ENtNEWGpS,0JDkhL4rjiPNEp92jAgJnS
0tURbnatc9qCxlYpXuPK8I,A Place In The Sun,02:52,54,1MB4UsW8MUMLMRxuNsXpDm,7guDJrEfX3qb6FEbdPA5qi
745H5CctFr12Mo7cqa1BMH,My Girl,02:45,0,45tweuKI0zdh8zgKo05cTw,3RwQ26hR2tJtA8F9p2n7jG
7dblNGnRXEBrVJunazs2U5,All I Have to Do Is Dream,02:23,65,4lmdDGcU5u1xk3GCcVJSYT,4ACplpEqD6JIVgKrafauzs
6QyQmdvQ1ywNccYa0pwLNQ,The Tracks Of My Tears,02:54,47,3AGszO88qhYdEvhs6pjsHW,6TKOZZDd5uV5KnyC5G4MUt
5Zu9mG353GB3p26t7M5AmR,Trust In Me,02:58,60,7rd4PorIOPjPTy7qdUeeCt,0iOVhN3tnSvgDbcg25JoJb
5BFWQXNGPYadZxNKxY1UfU,Green Green Grass Of Home,03:04,64,15QRC2FhT659a5YJIS0Nff,1T0wRBO0CK0vK8ouUMqEl5
7Ca3Zb8wejNYCoei3tlJ9e,All I Could Do Was Cry,02:55,56,7rd4PorIOPjPTy7qdUeeCt,0iOVhN3tnSvgDbcg25JoJb
2GbePPrWWSRxcmW6QRSPae,Piece of My Heart,02:37,58,3GykoJmCI2qmvrgi8zQ7XW,1CzJJJb6hnx84VNhgaJmFG
1c7ELD4W6VyoKTglc4zzUH,Mad About The Boy,03:02,56,2ijZDafBX3xtZSGUkxccZ6,32LHRiof0sa4taYew9i3Fa
5Iev69m1Jnf7oc79VvPjpd,Cupid,02:38,51,4jiO2jRz7g50ESvYYKsKwZ,6hnWRPzGGKiapVX1UCdEAC
24AIahNHzBxm9S12peXbnG,"Moon River (From ""Breakfast at Tiffany's"")",02:42,64,1RLfn8e4cQvC0WsYJM6rh2,4sj6D0zlMOl25nprDJBiU9
2owX09XMfbzBCVLUfJiGqJ,Runaround,02:34,31,53Z6bXyBJ7tlRtMettF6Uq,673J686eeEXMYJorgQ70lX
6NDg4EyQE5lalcCEEpytsM,"(Ummmm, Oh Yeah) Dearest",01:53,53,2CqXO4zgYnv1KwiFiDAw1u,3wYyutjgII8LJVVOLrGI0D
60jQTAr2OkFcV4SWSRz3st,Emotions,02:51,68,6k1CVP7aiwq2KAcouCW70z,4cPHsZM98sKzmV26wlwD2W
4QelFzhVgLomeQhvKrwM1S,Blue Velvet,02:48,59,4qK4QZUSp8QdoMEm9mrzyA,6bOYtKnpLPQSfMpS2ilotK
3SdTKo2uVsxFblQjpScoHy,Stand by Me,03:00,81,18Fj7coTfyMi7mEPXIweN7,3plJVWt88EqjvtuB4ZDRV3
4BaAOHT6nF3F8oV7n8OvD1,Put A Little Love In Your Heart,02:48,40,56dVr48fkRjXXHKE2dG6ya,3FZn8Z2B7mfaSOU8NE62KR
3nsJGZ5RV2ZHkbKvD771gU,Ooo Baby Baby,02:44,65,2NT1Pc0MXlXORHLBkHyKQW,6TKOZZDd5uV5KnyC5G4MUt
3zBhihYUHBmGd2bcQIobrF,(Sittin' On) the Dock of the Bay,02:46,63,03HMOcANauhLD0WNrMkmLU,60df5JBRRPcnSpsIMxxwQm
4s6LhHAV5SEsOV0lC2tjvJ,California Dreamin',02:37,55,76oMr4Y2pOtcrvZLc2ZikF,1bs7HoMkSyQwcobCpE9KpN
3BQHpFgAp4l80e1XslIjNI,Yesterday - Remastered,02:05,0,0PT5m6hwPRrpBwIHVnvbFX,3WrFJ7ztbogyGnTHbHJFl2
65jrjEhWfAvysKfnojk1i0,Under the Boardwalk,02:41,70,7AgI5vniflcbh86Znea7yM,1FqqOl9itIUpXr4jZPIVoT
7DsQgIwg23u9gooCxkRTu3,A Whiter Shade Of Pale,04:08,0,1A2zO189mFlfZhw9onxTXm,0GbqW5TJr7n4is453VOY4C
7odHgoLFi3GQ90E9PeraI3,Son Of A Preacher Man,02:28,80,6SNMenG3NjZyqgI5p4Hcmg,5zaXYwewAXedKNCff45U5l
51FpzuGkRYXFgsE2zXt9av,When a Man Loves a Woman,02:53,71,0lj5tDBUt1i1b1Llobu23M,3rRmDmzPcAFwcUDvG5gBqO
6RJK553YhstRzyKA4mug09,The Letter,01:52,72,08mPxuP35Db56jUUgRvGFs,3KGQvnOoqUHi3KxKQMZtXr
0wz1LjDb9ZNEYwOmDJ3Q4b,Surfin' U.S.A. - Remastered 2001,02:28,45,47VjIh8rgyMJJHNR98w0Kw,3oDbviiivRWhXwIE8hxkVV
0RrPNhHIC7WkLR88xDVKJa,Southern Sun,04:41,0,2CFyEkeALqX3vTLIJ9ohvN,2NqgE99Ll5vOTvmbN7O2R6
6dGnYIeXmHdcikdzNNDMm2,Here Comes The Sun - Remastered 2009,03:05,86,0ETFjACtuP2ADo6LFhL6HN,3WrFJ7ztbogyGnTHbHJFl2
6lWxIJH0CyUtmFaIAeVmTQ,Three O'Clock Blues,08:36,0,7w0uQiYScm3ApS8cWXmf4c,6PAt558ZEZl0DmdXlnjMgD
1WDQZWL7W9tQRCZGcrl3Lg,Little Girl - Stereo,02:33,24,4bSvzPMgzwvfqHAbcWG88o,2ScuQMRWThcifBRIvNDFDC
0U6wNkZaQUTBrCLbhbbRgS,Riding with the King,04:24,1,7w0uQiYScm3ApS8cWXmf4c,6PAt558ZEZl0DmdXlnjMgD
1B5Tp2Ml9nLlmTSJx8xVfI,Always On My Mind,03:38,73,3gpHiNAmT5oXVxe6ewTGuN,43ZHCT0cAZBISjO8DG9PnE
1H5IfYyIIAlgDX8zguUzns,Suspicious Minds,04:21,75,3ekkFrfotMsEAKc5g71GHk,43ZHCT0cAZBISjO8DG9PnE
5I9sHwLDX28tLtzVgKLtpr,Everybody Loves Somebody,02:41,55,6anBFHbt3PaNwDKWbsVkzG,49e4v89VmlDcFCMyDv9wQ9
7sKHpszyRFBIAT378e6Tkr,Preacherman,04:30,53,2iKiVmx8ohPDn1hJmxC9tD,2P1puQXmG48EVLBrHbum1J
1sKpay0q1lsH8RgafNzdI1,Sympathique,02:47,0,79w9uA3pxrf1f7FyXMjAjC,6KyUat70qaniuiZq63HzFZ
4ydtQJImyQg6UDFFZBzgxp,Cry Me a River,02:26,0,0eKvD3UqC5znwmHYPY2390,32LHRiof0sa4taYew9i3Fa
6yMGxqKj0218mFR5KqsMRq,Georgia on My Mind,03:35,51,0cw6Sv7IwZ87aLPPvNPSd0,1eYhYunlNJlDoQhtYBvPsi
29U7stRjqHU6rMiS8BfaI9,What A Wonderful World,02:17,5,6mmv0gwumlFGWDGJXF4yEv,19eLuQmk9aCobbVDHc6eek
5K09WxKdlkroDyEVyOSySy,(You Make Me Feel Like) A Natural Woman,02:45,72,7lEOKZaOpqP70UYqdLPejG,7nwUJBm0HE4ZxD3f5cy5ok
2U3ENhffoGzWcoYoR0U4Lm,They Can't Take That Away From Me,04:40,57,2uqlkJu6vckJahCsp6Hfcn,5V0MlUE1Bft0mbLlND7FJz
7M5a2nR7iil4dqR5fMPU3S,"Que Sera, Sera (Whatever Will Be, Will Be)",01:35,0,2IprkgzKIhqabHX5NnyAMD,3ESG6pj6a0LvUKklENalT6
3Z2roouK8msGtMXAS7xWCJ,I've Got a Woman,02:51,72,0cw6Sv7IwZ87aLPPvNPSd0,1eYhYunlNJlDoQhtYBvPsi
4cil3kLZ7AybYDvG8DSAb8,Lamento selvatico,05:32,0,7rGxfLvDXjzdmHwO5CV6fH,09o5k3t1L2ZxhJBnIERJxT
1zvpgSygK37GOotGOgT45f,Calçada,03:26,0,4rvNHxkP41rxzhthGuwo6Y,37ZflmHTdxkSLQuT8w9NBs
2o34LOZa6tpm0miOhoPbKb,Mi Querer,02:25,17,4vF1RjBN15TIuUJqibuU80,0BzFtDQ64uQV9fjIu1XVom
6QqXTZUL8O3y46rgDEWnsm,Stardust,05:23,53,4OdGL0Uq7YZmrxsIYKUbrU,3uO6HG2JwyP744sg4PMmg5
3gKYq33uHC0FKHp8V7yzFi,You Don't Know What Love Is,05:14,0,0Ydakb7npXmyTwFLvKc5qt,67PZTxaHKMZBFRUh8wIzCy
6vCLIvOIabRk1XQfMb6RXi,I Looked at You,02:20,52,1jWmEhn3ggaL6isoyLfwBn,22WZ7M8sxp5THdruNY3gXt
4M2j1X47FwMozJrnJHnYNm,O Sol Nascerá (A Sorrir),01:37,52,0i9SwtLwZ8cOuH5qtkwTvT,0RSWHhBUwW7lhCqXqxKxWN
2QfiRTz5Yc8DdShCxG1tB2,Johnny B. Goode,02:41,79,6eedtCtCjibu80yOhylSGL,293zczrfYafIItmnmM3coR
6TXnGAr6DLVYshIrMeP0lZ,Route 66,02:51,61,66vytUOJAN0XG0AomrREtH,293zczrfYafIItmnmM3coR
1FRP8d6l2jm3DS5f78ZrhK,Route 66,02:20,54,0ACOqjq9mQuCZry2kj5zkB,22bE4uQ6baNwSHPVcDxLCe
5GvVxxwieOVIlZaCU9bG0R,G.T.O.,02:29,40,5D3kmeJiQB036SyhbZqCnM,0RPvz5Xb4n2NKXD4GYH0yn
7670Fg67h3y1J22hxEZDjd,Needle of Death - 2015 Remaster,03:18,11,6wCFGLrsiWuX4d06Tc0zuZ,1FqG6mhiJbhbMg43ohCT6D
4wGSg2Qqpt2sGCWuAZj6EN,Enjoy the Silence,04:15,75,1RC1I4Sf6tfnyMVoRJxDo3,762310PdDnwsDxAQxzQkfX
76GlO5H5RT6g7y0gev86Nk,Just Like Heaven,03:32,77,37Q22g0n9PzBLX6lNddrIa,7bu3H8JO7d0UbMoVzbo70s
5kB4PT1l3saWMUbtWrrtv0,It's Now or Never,03:14,57,0uJJdEZ8sRLNPoKEkjvqTD,43ZHCT0cAZBISjO8DG9PnE
7zMUCLm1TN9o9JlLISztxO,Burning Love,02:50,77,3gpHiNAmT5oXVxe6ewTGuN,43ZHCT0cAZBISjO8DG9PnE
54X78diSLoUDI3joC2bjMz,Purple Rain,08:40,77,7nXJ5k4XgRj5OLg9m8V3zc,3MHaV05u0io8fQbZ2XPtlC
6hTcuIQa0sxrrByu9wTD7s,Born to Run,04:29,74,43YIoHKSrEw2GJsWmhZIpu,3eqjTLE0HfPfh78zjh6TqT
2g7gviEeJr6pyxO7G35EWQ,Paradise By the Dashboard Light,08:28,69,6mvI80w5r78niBmwtu7RF9,7dnB1wSxbYa8CejeVg98hz
0WNGPpmWqzPnk0psUhJ3SX,All the Young Dudes,03:31,64,3LdlOZcV0dp7ePBXe2KAGa,6ysQi6NI88X627t2srsWz6
7N3PAbqfTjSEU1edb2tY8j,Jump - 2015 Remaster,04:01,81,3REUXdj5OPKhuDTrTtCBU0,2cnMpRsOVqtPMfq7YiFE6K
2BkXpZSvPoUDMLI2Xw9kAL,Instant Karma! (We All Shine On) - Remastered 2010,03:20,59,555NIhJIQ4XoS5N7VglF0v,4x1nvY2FN8jxqAFA0DA02H
0i19MAZbyn8uTir7FprXId,Oh! Sweet Nuthin' - 2015 Remaster,07:25,62,2ny1rPsLOoKNFZhMLubMrs,1nJvji2KIlWSseXRSlNYsC
2Xdc6qyaFBJZ8QW1KhpVci,Soul Kitchen,03:33,65,1jWmEhn3ggaL6isoyLfwBn,22WZ7M8sxp5THdruNY3gXt
5Q2Im8o4RthlAMkvUMYwGj,Love Street,02:49,63,0qZTwrunzX3LG45PvRghmh,22WZ7M8sxp5THdruNY3gXt
5uvosCdMlFdTXhoazkTI5R,Light My Fire,07:09,72,1jWmEhn3ggaL6isoyLfwBn,22WZ7M8sxp5THdruNY3gXt
5UgT7w6zVZjP3oyawMzbiK,The End,11:43,63,1jWmEhn3ggaL6isoyLfwBn,22WZ7M8sxp5THdruNY3gXt
0gWvVB4bGvADocoPMEDy3K,The Crystal Ship,02:32,64,1jWmEhn3ggaL6isoyLfwBn,22WZ7M8sxp5THdruNY3gXt
3T7gFooBRI9cyFPFc7lFNx,Had To Fall In Love,03:40,52,58Lnkf8TmX0GyxK45vfN1K,5BcZ22XONcRoLhTbZRuME1
6XUHsYE38CEbYunT983O9G,Give A Little Bit,04:08,79,4X87hQ57jTYQTcYTaJWK5w,3JsMj0DEzyWc0VDlHuy9Bx
4fKhRRYn7F5shZItjJkPJU,Watching The Wheels - Remastered 2010,03:59,58,15q7N7Wo307mfjqR29NpjF,4x1nvY2FN8jxqAFA0DA02H
1UEKaf3j6eXeNbySz761lc,Take It Easy - 2006 Remaster,03:33,59,5ZJ2KF1mLhoWzFhwnzgLXx,2M4Yt7oKGoYd0wqU44k4i2
4TnUKixNWMfajncgdSwFoi,Amarillo By Morning,02:53,73,3NB2cmFq9nyhHSVz0Zv08t,5vngPClqofybhPERIqQMYd
6vRj1cvJSFVjS0uxHPiFlF,Can't You See,03:46,50,1Mmzv788gMCdcT8bhYx1UT,7wCjDgV6nqBsHguQXPAaIM
6BjA6FWovt4T2T5ZIW1XJQ,Leaving Louisiana In The Broad Daylight,02:59,59,4AKEZZ8hdjYl8i5IiQMyaC,3XnO697XIus1M0cMuxZjos
2hckAvL66faAcR0Fk64hj6,Pancho and Lefty,04:47,62,1JWqodXuHDoGHqxyATcPJb,2ptmyXoL7poH6Zq62h1QT9
7nVQ8mo77KaUvhUQzh4vMy,Mammas Don't Let Your Babies Grow up to Be Cowboys,02:32,71,6GDs0ZZVR2jDV8n4m11KWO,7wCjDgV6nqBsHguQXPAaIM
5QxFcHmC8KjEyTqihiZokY,All My Ex's Live In Texas,03:20,64,7AwvNqwI3PS9zJ8NFgIAWB,5vngPClqofybhPERIqQMYd
7LbfuQVct78YoghmoPtsQ8,Casey Jones - 2013 Remaster,04:25,61,5C5SWfvEGPnbcasiePuPov,4TMHGUX5WI7OOm53PqSDAT
3YPBV5DacTbhgh7vharn6w,New Speedway Boogie - 2013 Remaster,04:06,52,5C5SWfvEGPnbcasiePuPov,4TMHGUX5WI7OOm53PqSDAT
4n9pxaY7bTDMnw9biuCkhu,Easy Wind - 2013 Remaster,04:59,46,5C5SWfvEGPnbcasiePuPov,4TMHGUX5WI7OOm53PqSDAT
6rLfU9QCwLUMRW5gGG7BWA,Dire Wolf - 2013 Remaster,03:14,50,5C5SWfvEGPnbcasiePuPov,4TMHGUX5WI7OOm53PqSDAT
0TCREel6JfYFl9Za1W4Yct,Playground - Remixed Instrumental out Take,04:29,16,6rbnNZmHoZB3ZJReflAVey,568ZhdwyaiCyOGJRtNYhWf
5u1ocaFVsRmHEuIVUmouPT,Silent Sun,02:13,21,7ykLKrLtN920GC9SBKhpp9,3CkvROUTQ6nRi9yQOcsB50
56wRe5EB4wALkwNjOfqTBn,I Didn't Know the Time,05:31,33,27evZfDFySSv4dcje8afMI,2UazAtjfzqBF0Nho2awK4z
0CkspLl535ZxdwCRs8AdZ4,Plush,05:10,71,5kxuokOacguIqDJRh1ZXRC,2UazAtjfzqBF0Nho2awK4z
2lGpbAMsfTZva62F8y1DrN,Country Comfort,04:48,29,6FaMpsO2fif34ToEu1wLqf,2y8Jo9CKhJvtfeKOsYzRdT
3Fq5ppF5r5ZvxaNOQNtLW5,This Old Heart of Mine - 2008 Remaster,04:05,39,7vV3q5jE7DSuKsnHr7OmmN,2y8Jo9CKhJvtfeKOsYzRdT
2wnsBaxrmkthIFAm6vqCuX,So Lonely,04:49,70,1H9g6j4Wwj6wh6p8YHVtkf,5NGO30tJxFlKixkPSgXcFE
5MuKkqc8lnzldouHA0MwgL,Contact,02:37,40,2EpuND32cO7CX0gXZl2NB6,5NGO30tJxFlKixkPSgXcFE
45BfHifOOhDpyPJn7El1JU,Does Everyone Stare,03:47,40,2EpuND32cO7CX0gXZl2NB6,5NGO30tJxFlKixkPSgXcFE
6xK4wLYwSszCXsiPhOhG4I,Hungry For You,02:52,49,5jkwdY6jS1Hzi8epr6HW7h,5NGO30tJxFlKixkPSgXcFE
7Jsli31ZTv3TI28qcXzEkE,Peanuts,03:54,43,1H9g6j4Wwj6wh6p8YHVtkf,5NGO30tJxFlKixkPSgXcFE
6e2lt5O6aOUGQ8BWSo0gNr,End Of The Road,03:19,49,13xlpKbai3GGoMSr75lOeX,0mXTJETA4XUa12MmmXxZJh
5dktbrwSYVhdi0c7wIcoa3,Tonight You Belong To Me,01:41,48,5gFlatIsjQFc37EaIoTG2S,0mXTJETA4XUa12MmmXxZJh
6O3eyIuIDoXHHa1KEVDQpO,Rather Be Home,03:25,38,6y8qx4wS06EbInD9x8q5Xx,0mXTJETA4XUa12MmmXxZJh
5dAxeuDkIkpa6wZpMOuG9i,I Fought the Law,02:43,61,3Zkggi5I9uH5x94DuN6u1S,3RGLhK1IP9jnYFH4BRFJBS
4uCFK6Lm1gA3MaIbSRhIfS,The Afternoon,08:23,35,1wiGVWA5bWzqptjaZUjIM4,5BcZ22XONcRoLhTbZRuME1
0iGNd4z2m80OjE2JcWmBSs,The Voice,05:16,49,4t5Za54Hk2E1vSxvtGoRSE,5BcZ22XONcRoLhTbZRuME1
3kcaix8VptngsWoYDTqEN2,The Story In Your Eyes,02:56,54,0kmbfs4yxvWj8VXxg6y8H4,5BcZ22XONcRoLhTbZRuME1
2gdTkM0hL9KQipAx6aUT6L,Terrapin Station Medley - 2014 Remaster,16:22,43,0WVDqz6ty88sjpbfvMqF98,4TMHGUX5WI7OOm53PqSDAT
5SWDIe8j5vhBZZkU11Cmjj,Dark Hollow - Live,03:51,42,1T7YIthjEvwsxbUHZ7NdBD,4TMHGUX5WI7OOm53PqSDAT
5vmGZ4645Pyx1vHNBgFGDI,High Time - 2013 Remaster,05:15,41,5C5SWfvEGPnbcasiePuPov,4TMHGUX5WI7OOm53PqSDAT
5MbXzXGbqobR8xPVPs8OXA,The Only Living Boy in New York,03:58,66,0JwHz5SSvpYWuuCNbtYZoV,70cRZdQywnSFp9pnc2WTCE
1kjCyBnjlxZxZv9RNlXBbd,Heartbreaker,05:41,43,6TrlKpZSlcw3qzdHc42QzP,1GGnADQvJeAIqtrjWc0CFc
6Pq9MmkDQYZiiCDpxnvrf6,I Am The Walrus - Remastered 2009,04:35,63,2BtE7qm1qzM80p9vLSiXkj,3WrFJ7ztbogyGnTHbHJFl2
3eMlVhkJzPVdpyngg8Zop6,Evil - Single Version,03:16,38,17c5c9QwjWsNg0N7zX7EBQ,7kWwQAe9JnYNMk4kuEe73S
1UnKocC4TFivzN9TSDnui6,Magic Man - Stereo Version,04:00,29,0GSYLa8YmACMfpBR9ymgzI,37J1PlAkhRK7yrZUtqaUpQ
6yUIyHqIrx854Jief095VE,Thing in E,03:06,35,2Tzvkt45C7PLlLICWYNslu,16dZsYfKoAqmnt1tyhAPkE
0TBntp6t4oS6UXjxikO5n7,Comin' Back to Me,05:15,47,6lPb7Eoon6QPbscWbMsk6a,2qFr8w5sWUITRlzZ9kZotF
6hleUCx3E4gB2urwRvx1QT,Time of the Season - Mono Version,03:34,1,6XqM4NINcx3oc7NhOUKxXp,2jgPkn6LuUazBoBk6vvjh5
6JvEXmRh3l2acBzvqavgT9,Love Spreads,05:47,60,3DE7aixVSE6DZ6ALYIztT0,1lYT0A0LV5DUfxr6doRP3d
5QTxFnGygVM4jFQiBovmRo,(Don't Fear) The Reaper,05:08,77,6C9WzlQANeoD0GW5B41YJt,00tVTdpEhQQw1bqdu8RCx2
6LbbHFEajG9e4m0G3L47c4,Pinball Wizard,03:00,70,5cT7ee1sy2oEbFalP4asS4,67ea9eGLXYMsO2eYQRui3w
6Z2zCs1MpOt6gWJQeUnP0X,Sitting on Top of the World - Full Length Version,02:43,22,3qzvxfhCWUYsJuVSOSv0AP,4TMHGUX5WI7OOm53PqSDAT
5ExJq0xcyLIKpyPNEtR1Hy,New New Minglewood Blues - Full Length Version,02:40,20,3qzvxfhCWUYsJuVSOSv0AP,4TMHGUX5WI7OOm53PqSDAT
0vynEdnbsrOqAkCV8nVDV9,Cream Puff War - Full Length Version,03:18,20,3qzvxfhCWUYsJuVSOSv0AP,4TMHGUX5WI7OOm53PqSDAT
7LDo4ofK0ldQTjgdFS2YVv,Morning Dew - Full Length,05:16,22,3qzvxfhCWUYsJuVSOSv0AP,4TMHGUX5WI7OOm53PqSDAT
5VyKZRdxQ3bpgHvqYorbvM,Viola Lee Blues,10:09,21,3qzvxfhCWUYsJuVSOSv0AP,4TMHGUX5WI7OOm53PqSDAT
2Dm5ota2DMPyl20pOsCQZg,The Golden Road - 2001 Remaster,02:09,25,3qzvxfhCWUYsJuVSOSv0AP,4TMHGUX5WI7OOm53PqSDAT
2zI3bUYn2pcF27of6i2oqK,Jet Airliner,04:25,55,36G9sqbDXXbE7Mv9GTDMXd,6QtGlUje9TIkLrgPZrESuk
1fDsrQ23eTAVFElUMaf38X,American Pie,08:35,68,20Y9wHWIxNFvqplgHmqmUl,1gRNBaI4yn6wCCTvRhGWh8
2zYzyRzz6pRmhPzyfMEC8s,Highway to Hell,03:28,87,10v912xgTZbjAtYfyKWJCS,711MCceyCBcFnzjGY4Q7Un
45xBWOa6oEAk1WlVyr5QAB,(White Man) in Hammersmith Palais,04:00,46,3Zkggi5I9uH5x94DuN6u1S,3RGLhK1IP9jnYFH4BRFJBS
2hOi0U15nSrV9ueYLCtvE2,Armagideon Time,03:51,40,3Zkggi5I9uH5x94DuN6u1S,3RGLhK1IP9jnYFH4BRFJBS
3AySFupxPGQWjauQfFXcr0,Red Angel Dragnet - Remastered,03:44,38,1ZH5g1RDq3GY1OvyD0w0s2,3RGLhK1IP9jnYFH4BRFJBS
1DVZCooCJVp4DmCteQ5XlM,The Call Up - Remastered,05:28,36,2UxN3UKyS3Z5r0Sra8A5RF,3RGLhK1IP9jnYFH4BRFJBS
6IMlcKjsIM3l3yXWykTa3y,Police & Thieves - Remastered,06:03,54,49kzgMsxHU5CTeb2XmFHjo,3RGLhK1IP9jnYFH4BRFJBS
0jnFDxgNhS156vu6roUVco,The Guns of Brixton - Remastered,03:12,61,6FCzvataOZh68j8OKzOt9a,3RGLhK1IP9jnYFH4BRFJBS
744eHv8kvVhIYc4le3NEvt,City of the Dead (Live) [Remastered],02:47,32,70NjH8NkxcbYNvWAHnyv1e,3RGLhK1IP9jnYFH4BRFJBS
6wtmql7FJ7SSLuSw8JD8rX,Spanish Bombs - Remastered,03:18,58,6FCzvataOZh68j8OKzOt9a,3RGLhK1IP9jnYFH4BRFJBS
0mlwPYU0ApElSjZN4yA4L9,Complete Control,03:12,42,3Zkggi5I9uH5x94DuN6u1S,3RGLhK1IP9jnYFH4BRFJBS
2rUVY6uXm8J0IEr230B1L1,Julie's Been Working for the Drug Squad - Remastered,03:03,41,4NEvCc6vHcsCPviWPCCrVg,3RGLhK1IP9jnYFH4BRFJBS
72boGlgSwUK01n44O2tOCv,Lost in the Supermarket - Remastered,03:46,63,6FCzvataOZh68j8OKzOt9a,3RGLhK1IP9jnYFH4BRFJBS
31l6t3Jq09uywRTVGbzant,Know Your Rights - Remastered,03:40,46,1ZH5g1RDq3GY1OvyD0w0s2,3RGLhK1IP9jnYFH4BRFJBS
5jzma6gCzYtKB1DbEwFZKH,London Calling - Remastered,03:20,75,6FCzvataOZh68j8OKzOt9a,3RGLhK1IP9jnYFH4BRFJBS
56KqaFSGTb7ifpt16t5Y1N,Rock the Casbah - Remastered,03:42,75,1ZH5g1RDq3GY1OvyD0w0s2,3RGLhK1IP9jnYFH4BRFJBS
1oYYd2gnWZYrt89EBXdFiO,Message In A Bottle,04:50,80,2EpuND32cO7CX0gXZl2NB6,5NGO30tJxFlKixkPSgXcFE
7FYkZkF9fog6WS818wJnhl,Brand New Cadillac - Remastered,02:08,60,6FCzvataOZh68j8OKzOt9a,3RGLhK1IP9jnYFH4BRFJBS
0BBcbPbTWW8MaLKIDHtsAi,Dark Star - Single Version; 2001 Remaster,02:43,40,3ac83yxb1hxAjFiuJCdGNm,4TMHGUX5WI7OOm53PqSDAT
5hhVpGIBlqAU5yJEOmrk5o,All My Love - Remaster,05:53,66,1W5CtQ7Ng0kP3lXyz7PIT2,36QJpDe2go2KgaRleHCDTp
0h4jHdNzUrV9eGR2PT5R8c,Lenny,04:57,57,1AL5oXZRtTc8PyhcTwg4xQ,5fsDcuclIe8ZiBD5P787K1
5nQxyQQgU1SQFMf2qEpcje,Shadows,03:38,21,75ktQ1w8qwjVqRGhgxTWVa,568ZhdwyaiCyOGJRtNYhWf
5n1amEDwVKucAGMqePk9yN,Young Turks,05:03,60,2Y7dwu7XmkrGi6zphZiYsu,2y8Jo9CKhJvtfeKOsYzRdT
4nKmlUaUiUN4rpMGYnUPAu,Hyacinth House,03:10,51,7IKUTIc9UWuVngyGPtqNHS,22WZ7M8sxp5THdruNY3gXt
4pxHVL0syMQwYK3BxDaTIs,Take It as It Comes,02:14,53,1jWmEhn3ggaL6isoyLfwBn,22WZ7M8sxp5THdruNY3gXt
4wqotHffqphGPqkFtJSQ5o,Rags And Bones - Remastered 2001,04:45,28,5fnE49AqsSBaLC62nfo3q1,6d4jrmreCmsenscuieJERc
6sJlkqZqUOLXjWKJrDgRmd,Acadian Driftwood - Remastered 2000,06:42,42,5fnE49AqsSBaLC62nfo3q1,6d4jrmreCmsenscuieJERc
1qRA5BS78u3gME0loMl9AA,For What It's Worth,02:33,82,3PkdGRruLnJ9zCtANiDrpB,3eskO5m0H4yiF64vRySBjr
0mJQlCl9YgxW7kyeltNiVk,Touch of Grey - 2013 Remaster,05:50,59,1KytsXm6VQcyX5B5m8HBNa,4TMHGUX5WI7OOm53PqSDAT
6FsQrRpBLgsrFeAeiQqytm,Get It On,04:22,73,6k1iylSzWOs7SgavxlJ8kt,3dBVyJ7JuOMt4GE9607Qin
14qbY7LbhcXwECCGqH2z7U,Crawling King Snake,04:58,46,7IKUTIc9UWuVngyGPtqNHS,22WZ7M8sxp5THdruNY3gXt
0fzG0n1PEloLvlOFc0GVEZ,L'America,04:34,47,7IKUTIc9UWuVngyGPtqNHS,22WZ7M8sxp5THdruNY3gXt
2Sjez1CwJv8Pz018CxKjWa,Cars Hiss by My Window,04:09,49,7IKUTIc9UWuVngyGPtqNHS,22WZ7M8sxp5THdruNY3gXt
6PtRNOkuXALHwogMnc9NCx,Maggie M'Gill,04:24,48,6AFLOkpJjFF652jevcSOZX,22WZ7M8sxp5THdruNY3gXt
2r63hMQCds09Rf30DrNTav,Ship of Fools,03:08,47,6AFLOkpJjFF652jevcSOZX,22WZ7M8sxp5THdruNY3gXt
6GGZMQ6VLnsnpbMcm6xKGy,Where Do We Go From Here? - 2021 Remix,03:53,12,4tUFPs9QbSIUEMk75amzJh,6d4jrmreCmsenscuieJERc
0jo6RYrOvzGSjtmgf7EEIg,It Makes No Difference - Concert Version,06:51,43,7uqVE9qWdqjtDeLpdHyMxP,6d4jrmreCmsenscuieJERc
0P7DoyGrr4Wp9w5TotEtUC,The Weight - Remastered 2000,04:34,73,0ky5kdvfPxSmSpj03hpSAE,6d4jrmreCmsenscuieJERc
4K1imZQQ0yKtJ40vGmUajS,Girl from the North Country,03:40,67,5WBx64FIN04CvM2T1MGrUN,74ASZWbe4lXaubB36ztrGX
4bN43jYf41eIjJZ3UXQpuA,Hold On - Remastered 2010,01:52,65,0DFYbYCcHCEJPcN1hODG6K,4x1nvY2FN8jxqAFA0DA02H
3qebSLgUwaEqbwCM5sj5Kh,Castles Made of Sand,02:48,63,3uFZf8rykoHo7XMIQVYW6r,776Uo845nYHJpNaStv1Ds4
0nFKHCf1Ibij8m370l2KlZ,Good Times Roll - 2016 Remaster,03:45,55,5cGElNWN4q4dT9EtVsf3mZ,6DCIj8jNaNpBz8e5oKFPtp
2AX5E86cn9n2dgioZEjirI,Golden Brown,03:26,73,3bosyDPGOYmLnwMNhU06Rx,0RUEHcBiENFEqxgicqS2ig
2x5IXUFOcvvBUtEpnCBNlp,Alive And Kicking,04:49,68,4YimfceN1R0nOS9CefIFhm,6hN9F0iuULZYWXppob22Aj
3qLZ866ZfaK0B0R5FIqXLG,She Sells Sanctuary,04:12,72,2hallpchkYldMa5lGGf1Ko,49DW3KvkyjHO35mK1JnSyS
4cMHCRLPNoEbpnl2rz6GS9,Back on the Chain Gang - 2007 Remaster,03:51,66,48NYXFdasUBuSeO3RAolt3,0GByy3DcfbQwDvXGCWmzv9
7oYpzJ79R3RAJOfBvUKVjb,It's The End Of The World As We Know It (And I Feel Fine),04:06,71,6gMv3MgFlieOM6Uz5GZBzy,5BcAKTbp20cv7tC5VqPFoC
4AUS8KNz7zX8XFu9L38GT0,Sledgehammer,05:13,67,2ikq6LspaBbUG2qyiV5qdx,7C4sUpWGlTy7IANjruj02I
6mHOcVtsHLMuesJkswc0GZ,The Logical Song - Remastered 2010,04:11,78,1zcm3UvHNHpseYOUfd0pna,3JsMj0DEzyWc0VDlHuy9Bx
2lFFiNm0XtgJ6wkdncTB4k,Drive - 2017 Remaster,03:54,75,7LPfdVDw4uXf9Bw5LQDESf,6DCIj8jNaNpBz8e5oKFPtp
3iA4foXIFpekwHyma7pRs1,Overkill,03:49,67,4GDchmJ8oESRJ58cDXvnE0,0f3EsoviYnRKTkmayI3cux
2olVm1lHicpveMAo4AUDRB,The Power Of Love,03:54,77,0u34k1ANjgZ47uQfG9yaLj,7A9yZMTrFZcgEWAX2kBfK6
1MR950KaknDDJ2PyU5NQDa,You Make Me Real,02:51,48,6AFLOkpJjFF652jevcSOZX,22WZ7M8sxp5THdruNY3gXt
1tBMs9Rmw3UMvPJrsXsUyL,Queen of the Highway,02:47,53,6AFLOkpJjFF652jevcSOZX,22WZ7M8sxp5THdruNY3gXt
2hdeaGl9nT3UoQIgSqctHj,Indian Summer,02:34,56,6AFLOkpJjFF652jevcSOZX,22WZ7M8sxp5THdruNY3gXt
2g3JAKjKruTL40VffoGLmg,Blue Sunday,02:12,58,6AFLOkpJjFF652jevcSOZX,22WZ7M8sxp5THdruNY3gXt
6KVM6U9Wcxgjh0jDjoRDgh,Waiting for the Sun,03:58,56,6AFLOkpJjFF652jevcSOZX,22WZ7M8sxp5THdruNY3gXt
1Jmqubf9kGkWeYQXQKImL5,People Are Strange,02:10,78,6v5IVMmY1IvWtbfnQoiFSf,22WZ7M8sxp5THdruNY3gXt
13ejmQX8lVzeKijqMWiNO7,Wishful Sinful,02:55,46,75bLu4Ung5QbMdJYxx7wTI,22WZ7M8sxp5THdruNY3gXt
1JkZg3eMQTmTn93E8Yd3UL,I Want You to Want Me,03:11,69,2sXJQdHykPYcRQ7xFhwzMR,1LB8qB5BPb3MHQrfkvifXU
4pbG9SUmWIvsROVLF0zF9s,I Want To Hold Your Hand - Remastered 2015,02:25,70,7vEJAtP3KgKSpOHVgwm3Eh,3WrFJ7ztbogyGnTHbHJFl2
6qLEOZvf5gI7kWE63JE7p3,Interstate Love Song - 2019 Remaster,03:14,78,57lcTrUlYgfMIPvBUsVU6h,2UazAtjfzqBF0Nho2awK4z
3dPQuX8Gs42Y7b454ybpMR,Seven Nation Army,03:52,88,6D9urpsOWWKtYvF6PaorGE,4F84IBURUo98rz4r61KF70
1pXgBjIvALm97lDhroan2E,Times Like These - Acoustic Version,03:58,61,69GTpu2TQvWQNOjhIVyzRL,7jy3rLJdDQY21OgRLCZ9sD
7e89621JPkKaeDSTQ3avtg,Sweet Home Alabama,04:41,0,54V1ljNtyzAm053oJqi0SH,4MVyzYMgTwdP7Z49wAZHx0
0ofHAoxe9vBkTCp2UQIavz,Dreams - 2004 Remaster,04:17,88,0BwWUstDMUbgq2NYONRqlu,08GQAI4eElDnROBrJRGE0X
0wJoRiX5K5BxlqZTolB2LD,Purple Haze,02:50,74,7rSZXXHHvIhF4yUFdaOCy9,776Uo845nYHJpNaStv1Ds4
39shmbIHICJ2Wxnk1fPSdz,Should I Stay or Should I Go - Remastered,03:08,82,1ZH5g1RDq3GY1OvyD0w0s2,3RGLhK1IP9jnYFH4BRFJBS
4DMKwE2E2iYDKY01C335Uw,Carry on Wayward Son,05:23,78,7MejfRSNnrpcLZIxkeZDqR,2hl0xAkS2AIRAu23TVMBG1
3IOQZRcEkplCXg6LofKqE9,Iron Man - 2012 - Remaster,05:55,68,6r7LZXAVueS5DqdrvXJJK7,5M52tdBnJaKSvOpJGz8mfZ
6H3kDe7CGoWYBabAeVWGiD,Gimme Shelter,04:30,0,4l4u9e9jSbotSXNjYfOugy,22bE4uQ6baNwSHPVcDxLCe
57iDDD9N9tTWe75x6qhStw,Bitter Sweet Symphony - Remastered 2016,05:57,83,52AeC4gwbxDfFlLHgK1ByD,2cGwlqi3k18jFpUyTrsR84
6KTv0Z8BmVqM7DPxbGzpVC,Rock And Roll All Nite,02:48,78,1YCC4oZXg2zGn7pVSKVlGF,07XSN3sPlIlB2L2XNcTwJw
5Z8EDau8uNcP1E8JvmfkZe,School's Out,03:30,72,0zKjnOsXxs63unPR6TWoHq,3EhbVgyfGd7HkpsagwL9GS
31AOj9sFz2gM0O3hMARRBx,Losing My Religion,04:28,0,6yEuIwTQpciH1qtj7mP5GK,5BcAKTbp20cv7tC5VqPFoC
3KPwt1LBpt1jVSHz8GXERo,Feel like Makin' Love - 2015 Remaster,05:13,67,1LgPUiosPMevbB4NHxcNiO,5AEG63ajney2BoDXi0Vb84
3MODES4TNtygekLl146Dxd,Ramble On - 1990 Remaster,04:23,72,70lQYZtypdCALtFVlQAcvx,36QJpDe2go2KgaRleHCDTp
7CoyMk4h3sG9HFwSuT4bDE,England Swings,01:52,31,0B4wezbhEPFRVb4feiNBeM,1RP2UpEaRzkF0Id3JigqD8
2h1Xj6D76ygKS3tu9DgIY5,Slow Hand,02:54,49,7IHtSLCPFIRxhDSErCZzYy,7gi3jmwpUpNWdswT8eEprF
6h3YJ05BovN1Pgk145J3r9,Mama Tried,02:14,61,7LmhShcQUdQf0vbfa6VUPn,2ptmyXoL7poH6Zq62h1QT9
762yvPz59OMgb7gGLws6Vi,Act Naturally,02:23,4,38YMI8jMA7RotlUBZJNtcs,2FMZn5P3WATd7Il6FgPJNu
064SVQsmWl5EF0zahmzkQk,Let Your Love Flow,03:18,70,77EM0wkGevYQcBo1AJt7B0,5iB5AWIa7qreioi0AF3Bxa
5H6Jp0syB5yEPk7SWYdlmk,The Wind Cries Mary,03:20,65,7rSZXXHHvIhF4yUFdaOCy9,776Uo845nYHJpNaStv1Ds4
5XNpdKmlLJPUbwKQceX2tW,Little Wing,06:48,61,5vxBOzakDbJleNA1rbA7FQ,5fsDcuclIe8ZiBD5P787K1
0iWHMJwpVl46UJ2KZ2IEKt,Can You Hear Me - 2016 Remaster,05:08,38,0lITGovWgaQGi42EfqcE5P,0oSGxfWSnnOXhD2fKuz2Gy
1ipVdOvDm2PrCTWu3T24I2,Fascination - 2016 Remaster,05:48,42,0lITGovWgaQGi42EfqcE5P,0oSGxfWSnnOXhD2fKuz2Gy
2pVQtg1gfTftOLugm5ENov,I Washed My Hands in Muddy Water,02:42,47,4owqIN3fEihgh8u5e1PLBh,0NqxUSg57tX1o1WG7VU1Vp
1tswBQlL2Bklbb82GHxKoW,Six Days on the Road,02:11,53,2RrnTUG3xhFepE2eeaSozR,4bsWHdJkFtq1r3TcXtKGdv
4dim8F8t01qimHOmr6S3Gd,Hello Walls,02:26,54,26KWAh3Wvw9LjeyxjTEZqa,6uvq6FeVsmhOWfJHxVNeBL
2X4uFSf7nQPSSwTxw1RRxX,One Dyin' And A Buryin',02:01,25,0B4wezbhEPFRVb4feiNBeM,1RP2UpEaRzkF0Id3JigqD8
159pWujPHIbLHoStbgrh6L,Me and Bobby McGee - Re-recorded,03:20,4,6vtxlSMG7LpObTInWIck89,1RP2UpEaRzkF0Id3JigqD8
36Ew5C2l5r1GAZifRhp4YG,King of the Road - Re-recorded,02:29,44,6vtxlSMG7LpObTInWIck89,1RP2UpEaRzkF0Id3JigqD8
4DLSN6f2Cp5eWIa5Vfn9kj,Don't Let the Old Man In,02:52,54,1lsOkbVF2Wk8U1IrF3FWLa,2bA6fzP0lMAQ4kz6CF61w8
6HSXNV0b4M4cLJ7ljgVVeh,Knockin' On Heaven's Door,02:29,78,2Pj2kZM5XpyIeyFBTAVulL,74ASZWbe4lXaubB36ztrGX
6FT83pFXKhDlXDsNJFAHWz,You Never Can Tell,02:41,76,6ITR4bqkKZGyanAlQgXtyK,293zczrfYafIItmnmM3coR
263aNAQCeFSWipk896byo6,Friday I'm In Love,03:35,80,3x1CmNdXWU0DzpTZXFFRZu,7bu3H8JO7d0UbMoVzbo70s
7Fm3NhbAYHvTQUhboim9FB,Rotten Apple,06:58,63,4FCoFSNIFhK36holxHWCnc,64tNsm6TnZe2zpcMVMOoHL
7FRfYOql61DGDp9VPPe2qA,Down In A Hole (2022 Remaster),05:38,68,58NXIEYqmq5dQHg9nV9duM,64tNsm6TnZe2zpcMVMOoHL
4A065x9kJt955eGVqf813g,Them Bones (2022 Remaster),02:29,72,58NXIEYqmq5dQHg9nV9duM,64tNsm6TnZe2zpcMVMOoHL
0K2WjMLZYr09LKwurGRYRE,"Theme From New York, New York",03:26,0,4Cv61B08yHx3fwkylkhCxe,1Mxqyy3pSjf8kZZL4QVxS0
0x0ffSAP6PkdoDgHOfroof,My Funny Valentine - Remastered,02:30,60,19sNgSx2E2F6IhlYsmRcur,1Mxqyy3pSjf8kZZL4QVxS0
3gcX6AddfEnG4SgfltfSUO,Love And Marriage,02:37,50,1gCLWt3kXk5kNTZdsx6P8a,1Mxqyy3pSjf8kZZL4QVxS0
74VR3AkGPhbYXnxcOYa16x,Strangers In The Night,02:37,74,1kyb5tomEXcA106V57puFW,1Mxqyy3pSjf8kZZL4QVxS0
5Z7bkW3dsu8jLdv3dEGxly,Nice 'n' Easy - Remastered 1999,02:45,58,2Xp6c8OMMolIoix6KLyun2,1Mxqyy3pSjf8kZZL4QVxS0
2WaYW84yWij5NSCpgSeU2R,You Make Me Feel So Young - Remastered 1998,02:57,67,4kca7vXd1Wo5GE2DMafvMc,1Mxqyy3pSjf8kZZL4QVxS0
4Z4eU8yoBtBGIQPQrhCFr2,The Lady Is A Tramp - Remastered 1998,03:14,59,5Jxf3eOoGvWDGg957iXEkj,1Mxqyy3pSjf8kZZL4QVxS0
2ID3rNM3hFBjqrLcV0Wr0y,It Was A Very Good Year,04:27,55,3DdN3GRJj8YS0V0fiyXtbt,1Mxqyy3pSjf8kZZL4QVxS0
0elmUoU7eMPwZX1Mw1MnQo,The Way You Look Tonight,03:22,71,7FAo3wmrJNNzz2W5Z5ZG80,1Mxqyy3pSjf8kZZL4QVxS0
2cI7j96n1rfv4RNKuri4or,Summer Wind,02:58,63,1kyb5tomEXcA106V57puFW,1Mxqyy3pSjf8kZZL4QVxS0
3Fyj22NPIu3kzhpu9KF7Bg,(Love Is) The Tender Trap,02:56,42,22KCcelRH1AeHz7S7x5XhY,1Mxqyy3pSjf8kZZL4QVxS0
0QbRfr3pJtHGxhIpIMYmbN,Young At Heart,02:49,42,22KCcelRH1AeHz7S7x5XhY,1Mxqyy3pSjf8kZZL4QVxS0
4feXcsElKIVsGwkbnTHAfV,Somethin' Stupid,02:42,79,67Evm6gPc9wFSUf1aXOrKO,1Mxqyy3pSjf8kZZL4QVxS0
76pllrWpfiCoLGhijQBYhO,You Are My Sunshine,03:16,57,5xeMctXQWNmMq4aAjwuR3e,6kACVPfCOnqzgfEF5ryl0x
6TlQ5fbojNRuG0hPQMbxeW,Live Forever,04:36,0,3AMHMM2aNG6k3d7ybcQ5bY,2DaxqgrOhkeH0fpeiQq2f4
18GiV1BaXzPVYpp9rmOg0E,Blowin' in the Wind,02:45,70,0o1uFxZ1VTviqvNaYkTJek,74ASZWbe4lXaubB36ztrGX
2IvNxLl01CTAfCOA103Tgx,No One's Gonna Love You,03:37,62,0zWsqSsamm615uHbVj7uiZ,0OdUWJ0sBjDrqHygGUXeCF
2MRJ3Oqb5yAONPvQyoWnQ9,Can't Help Falling in Love,03:02,83,7xe8VI48TxUpU1IIo0RfGi,43ZHCT0cAZBISjO8DG9PnE
4IU1RL4BKvFyXtbTwaHAvW,Ventura Highway,03:31,74,7eqBAR9pblivMBOI70q2um,3vAaWhdBR38Q02ohXqaNHT
1CM1wOqD2AIjt2MWd31LV2,Solsbury Hill,04:21,74,4jd6oC0It60c1J3GpXCv6M,7C4sUpWGlTy7IANjruj02I
5ZLzl6T8JwqMTMdoE0nCbU,Friend of the Devil,03:21,64,2UDDZVesmQwA4aYfa55diS,4TMHGUX5WI7OOm53PqSDAT
0a4agFmqHXxcZl1nho1BxM,Heart Of Glass - Special Mix,04:35,72,7mEjsBlRmfP63cH1gdPT6A,4tpUmLEVLCGFr93o8hFFIB
0It6VJoMAare1zdV2wxqZq,Undisclosed Desires,03:55,69,0eFHYz8NmK75zSplL5qlfM,12Chz98pHFMPJEknJQMWvI
3skn2lauGk7Dx6bVIt5DVj,Starlight,04:00,77,0lw68yx3MhKflWFqCsGkIs,12Chz98pHFMPJEknJQMWvI
5rUwnfuvEebahvFInZB8mC,As Tears Go By - (Original Single Mono Version),02:45,47,1IeXdR2ptc5Jhxmko89CgE,22bE4uQ6baNwSHPVcDxLCe
3KfbEIOC7YIv90FIfNSZpo,In My Life - Remastered 2009,02:26,79,50o7kf2wLwVmOTVYJOTplm,3WrFJ7ztbogyGnTHbHJFl2
2Pr1nZpt8A8WP7QYpyq6L3,Wildflowers,03:10,70,3ZGUBwDiY5HPOcWv4SBPQg,2UZMlIwnkgAEDBsw1Rejkn
1300POeOaj8qho30FRHjgf,Cornflake Girl,05:05,63,6VNuZLF98tsRYgqlIXAVCD,1KsASRNugxU85T0u6zSg32
3xZMPZQYETEn4hjor3TR1A,Angel,04:30,69,5qC5YqtLMlsm5Pyl6GtfpP,4NgNsOXSwIzXlUIJcpnNUp
0OH8dSQmKm2zjhqRPYsk1h,Who Will Save Your Soul,03:59,0,3g9baRrkyeaxVVlKALv9Pr,4RnBFZRiMLRyZy0AzzTg2C
4jLv3tDBu8ww2R07DvL12s,Man On The Moon,05:14,70,0BiNb8HYR4JvuxUa31Z58Q,5BcAKTbp20cv7tC5VqPFoC
0o0QiBgJqMJjaZLSR4aJFj,Foolish Heart,03:37,41,4gEFOyes5HJJMIzTHlGG76,4Ud7lY9V8pOyydumajSW3O
1gzIbdFnGJ226LTl0Cn2SX,White Wedding - Pt. 1,04:12,75,350LemPdU1JoLmQrLyAN0F,7lzordPuZEXxwt9aoVZYmG
5zH710lFSLtkHbMkslLDjR,Crazy On You,04:53,73,2N0AgtWbCmVoNUl2GN1opH,4tX2TplrkIP4v05BNC903e
65HA9FsYyA2xro9RzNlNmy,Kickstart My Heart,04:42,2,0VPad241NfcHMOXcRcLrDe,0cc6vw3VN8YlIcvr1v7tBL
7MRyJPksH3G2cXHN8UKYzP,American Girl,03:34,74,6TLTd0P2CUI0Q29AQ1LyFi,4tX2TplrkIP4v05BNC903e
1JQ6Xm1JrvHfvAqhl5pwaA,Easy,04:16,80,2tzbNCAUTmW4MIM2Ulvrwl,6twIAGnYuIT1pncMAsXnEm
6rovOdp3HgK1DeAMYDzoA7,Maggie May,05:50,73,4VykjLwkyfKMZVLrJJVrYh,2y8Jo9CKhJvtfeKOsYzRdT
1CM1wOqD2AIjt2MWd31LV2,Solsbury Hill,04:21,66,4jd6oC0It60c1J3GpXCv6M,7C4sUpWGlTy7IANjruj02I
6Rd36fAvK6klQPYgx3534I,Ride Like the Wind,04:35,66,43L4t2oVmuJsudEls5C6Gh,695W5F2Ih8dYahLdjVOIoH
0vGyXveSjPnALkLiqfZDOg,Since I First Met You,02:20,41,2M6r8R8SZfy9D5io8aZYcs,6TKOZZDd5uV5KnyC5G4MUt
56XoFI6v7kbGNdM8ALYWof,Lonesome Town - 1990 Digital Remaster,02:15,53,5R27t83T8Jhltww09lriMo,73sSFVlM6pkweLXE8qw1OS
3uG4ygD1bIP3YspJm9N4KO,Flowers On the Wall,02:18,54,0OrV6t1YYdWXmiOD4ot2iD,5PSWc8Y94zFsAtZlTe7ipI
7Ar4G7Ci11gpt6sfH9Cgz5,Listen to the Music,03:47,79,2x1Yi30lsWJUoBj1kmovnm,39T6qqI0jDtSWWioX8eGJz
7v5rsCN3LhX9XaIlWyTdx3,Steal Away - Remastered,03:33,58,1sY2wLftl601YlV9YUQFgW,3jrgftS3TYbNxcPt5itKhz
5y788ya4NvwhBznoDIcXwK,The Sound of Silence - Acoustic Version,03:05,77,5pnJrocLlZ3FWEbcr2PTz0,70cRZdQywnSFp9pnc2WTCE
0Oj0TT23GBH2XuHAaSsloH,My Love - 2018 Remaster,04:07,62,1RzrSgWinUzgsnw3oQDXOy,3sFhA6G1N0gG1pszb6kk1m
70C4NyhjD5OZUMzvWZ3njJ,Piano Man,05:39,79,69wjSAZXZiD2EBia3b3gxL,6zFYqv1mOsgBRQbae3JJ9e
1hwN2eAwsXgktvw9Qe8TrP,Photograph,03:59,57,6zjenDV68SpvM3oEhorTDm,6DbJi8AcN5ANdtvJcwBSw8
3f0U5NaD1bCk8nmKpn2ZJY,Kodachrome,03:35,66,50pzpI17hwQj7LKcOiLMFD,2CvCyf1gEVhI0mX6aFXmVI
6G9NH1wmTkux93eJ2Bf3Vd,Higher Grounds,04:17,0,3BXYt786gAZkwLU6y8Blto,22fUk65l9TfTRWwYrn5Mq9
0aAcuVJCmIkgVKzKHGfp1K,Hustler,03:53,51,3yanQUlMV1ZGKNk6a7e8ms,1XTGADISSMRf8B4TcVGYUC
5iynCtpEY7mx4ou54tHBPH,Ganja Smuggling,03:48,62,2fGzC6ZvAqmpBr8dprAQTT,6xqlgBccdlxUh5DeJSx2ho
6Ja1mjO9WcJFX3LsH22gRk,Road To Zion,05:17,65,4Y0PrDckfFKxKaVXsscDLB,3QJzdZJYIAcoET1GcfpNGi
2y7cWYengL8yDJQhAkMpgU,Be Strong,03:38,41,07AQybXuRFflDzipExouL4,72T7x96EAqN2UWvAgobYfv
6UBjSnyP1O5W5ndJoO9vUk,Night Moves,05:24,74,5QkOpsZupEPLq186YOrBNe,485uL27bPomh29R4JmQehQ
6xrREPyyC5KESDhWfwqHiN,I Don't Remember Me (Before You),03:12,58,5V6FVW8sc8yyhmDZwaNm5T,39NR3AUhpbbqKM33vWn2fp
52ioLaTnO2J7BWY8UN2n9D,Round Here Buzz,03:34,64,1QIZsTZrZdQwQ9QJnFoFao,2IvkS5MXK0vPGnwyJsrEyV
1SWmFiFSIBoDbQJjNKC7SR,Against The Wind,05:33,68,2Go2GZ8qMznHdAoLO1cG4W,485uL27bPomh29R4JmQehQ
0PCGfA36HrVPmsBZJ57zOU,"Love Is All Around - From ""Four Weddings And A Funeral""",04:06,72,2ddZd59LSTHIyH8QGSisjY,1Tie3AZgLQZqYEp8Fv4zOZ
22uJJ5jk87Ts6R79Ly9uji,Can't You See,06:05,69,1w7JOjdpfTBz4rvhWQDWJz,59QxeZBL6k9L4oJBGSyukd
1XgEg8OYPbVOi7js2LfH7S,Doesn't Remind Me,04:15,64,0HQhToIjonHnJRRPN4jeJU,2ziB7fzrXBoh1HUPS6sVFn
5kcsc92tGAjS0uvhDY3Mok,Ode To My Family,04:30,1,1Bwo9JkbVwxGyvtQNMRK21,7t0rwkOPGlDPEhaOcVtOt9
5v6b9RUk83Z33shcsqt1m3,More Than This,04:05,50,5cF97e8p6e3hyt57dOXA4D,0MBIKH9DjtBkv8O3nS6szj
1Jaah2tmN9Hv81A87KZ1MU,Torn,04:04,80,38alWeQVP9UUAGJvLptys9,0dlOr0VIysztGWvU1dpjmP
754kgU5rWscRTfvlsuEwFp,Kiss Me,03:28,84,0PrcwzkQVEy4y6JPvT5bix,0lJlKQvuM2Sd9DPPyUXcHg
0weWGmHGxmr79MI8ln41CP,Cry Me A River,04:37,29,0BH4VSBRbBzTqeaRGwQQ5f,60S1OdBXBk4cCMbOxL2TqX
3B0ms7Xlxl16tRztKHpcu9,Summer Breeze,03:25,72,16lsqxMjRUFOBo2jocsy1C,6jdObwsrIjSRnBbMw6lPBj
4ywWJqYKOwaVVh9xXARWUS,Tangerine - Remaster,03:11,68,6P5QHz4XtxOmS5EuiGIPut,36QJpDe2go2KgaRleHCDTp
72qVH7eOSmIT2NpNo9F3e2,All My Shades Of Blue,03:55,34,5ZfLIL2IFjtgKAAxvW7WiJ,0CBu2ZuF5503TaauGVk1Go
5MTsZG10E0hTvAkdioyPnw,Feels Like Rain (feat. Bonnie Raitt),04:35,59,2GXqcjyaSAMRnmFuvHM2Bd,2gCsNOpiBaMNh20jQ5prf0
0FXIFD0DV5RBb3EytmjUBS,Friday Night,02:55,48,6vW9ZDllNv87WHXS3XTjlM,5r1bdqzhgRoHC3YcCV6N5a
4fEwa94nof9y7CByy7Da0X,John Barleycorn (Must Die) - Remastered 2010,06:22,39,6wDCNTOXnKI8E4WrsdeJH9,1CD77o9fbdyQFrHnUPUEsF
4jgIzymHtlUCk3DkjWkvFL,Going To A Town,04:04,51,2QhmOz7BxPLvigHAnTI7tu,2PfBzriIMRsCXPDtSy9vg8
1JpZMDDAkfhnrO6nXIQZ2g,Noches de bohemia,04:07,52,0VP1PbDrwit3AoEf9ubbwR,14QPRrwRDAiUhdGC6D3VpE
2wMFmpW94vIeMx5ULVcip2,En el lago,06:35,23,7oT1CbeyKlCJOsxmELnMMW,6SKEuFZYhaTytrhtJjgnO2
5m9nzgMw7mNS5Ry3DhVPIB,Inspiration,03:40,0,4aDmHcFNChCXPle7tMeoWS,3jc496ljiyrS3ECrD7QiqL
0Qzkm9CSXwK2Fk3Gm0ioDA,Historias De Danzón Y De Arrabal,05:26,55,7LM15kMdKV1ZD0tg6HUOU4,0r8toju2ecKaVtItkzAnNi
7AIVTgrRcdUW8QBsqNQ33z,El Aguante,04:48,61,1gDqOyL8NmU2LQPtFutRng,0yNSzH5nZmHzeE2xn6Xshb
4P6KRRYfVErY3Z5JJyLrMY,Ven Y Critícame,04:25,46,1VNM2gtd2MHgzO8ED22lhT,0yNSzH5nZmHzeE2xn6Xshb
4NSswHrRWNM1AEBG0150nR,Take Me With You (When You Go),04:51,30,5LepQubkRXKCki1YoEhCxH,2UDplVRprMbazU74Hq8OLl
5RgFlk1fcClZd0Y4SGYhqH,She's Always a Woman,03:21,77,1Mhn9VosyjtWn4dMPFlna6,6zFYqv1mOsgBRQbae3JJ9e
6Wgst4P9SOnc6WGLtfTb1z,How Long,03:24,42,0Co0NZP0lt2Qi7rHZDngxh,7hj7ffJe6UkF1gsMpuweSI
608xszaAxVh4m7NcKJiAbF,One of These Nights - 2013 Remaster,04:51,75,0F77QekrNe8vVAjU2sepja,0ECwFtbIWEVNwjlrfc6xoL
3BHWUtCLvTDc7vGK6DY8dS,World Broken,04:41,0,1vRrm26j03FnJriFQUh4gY,5xk0kRuXn1zToTHpHAqpui
1oar8gdDX5yHWzVstAHDav,Promises,03:01,62,3Xgt0D7DlSQ5HluyECu33i,6PAt558ZEZl0DmdXlnjMgD
0hOA8SoraNo2ZP1amtVYnY,Big Love - 2017 Remaster,03:43,65,4AsXQ17Arq1cUVoa9dKJ3F,08GQAI4eElDnROBrJRGE0X
2JWKzkQbYsNzx019WyGzaH,I Don't Want to Talk About It - 2008 Remaster,04:48,67,7vV3q5jE7DSuKsnHr7OmmN,2y8Jo9CKhJvtfeKOsYzRdT
39qYD4J4BKvZMQgxfXl5bv,Eye In The Sky,04:36,76,4BGd9BmpePqeSfHLeYiCDr,2m62cc253Xvd9qYQ8d2X3d
0gZXockVcE7rEhSf4mcGLO,Guitar Man,03:46,68,38mhQ9p2BiHpz60gthzEVy,70ZTdbPEcEugBNay4MvxfL
1tfZtA15BfJHQTUy3dqTKC,Build Me Up Buttercup,02:58,0,72aOEeOspyHKLsWZsaDVr5,4GITZM5LCR2KcdlgEOrNLD
29i8axWOLDmgbiutJb9prB,Lost Cause,03:47,57,5ieP11rJQvuYz0Ov3k03cy,4obzFoKoKRHIphyHzJ35G3
3RPerpXuNznZbCuWYEBz5i,All My Days,04:57,58,3hQQHMrHUbkCokIf8PmcEU,25mrbNwFzoqPWyYXLhiDRw
06gD2ZtK3Dzc1BYqWExQJJ,Broken Halos,03:00,80,5L0e8X6Mf9lfjs2miK2WUB,4YLtscXsxbVgi031ovDDdh
1ssGNcB3gVAXxFOaTcj0nE,Already Naked,04:06,10,4i4apRNcRz0LhEQy4lbA3U,4tpUmLEVLCGFr93o8hFFIB
1bhpBRCLsVg3p7BWARbaDS,Rise,02:36,63,13xlpKbai3GGoMSr75lOeX,0mXTJETA4XUa12MmmXxZJh
6tDxrq4FxEL2q15y37tXT9,Dear Mama,04:40,73,3OrucS4sHv6Bl9GS4rafEk,1ZwdS5xdxEREPySFridCfh
2UikqkwBv7aIvlixeVXHWt,You Should Probably Leave,03:33,84,0sOeI7pbAmIc8aDFyvkBUW,4YLtscXsxbVgi031ovDDdh
3K07bGe8iljQ3mOKArHLDo,Starting Over,04:00,79,0sOeI7pbAmIc8aDFyvkBUW,4YLtscXsxbVgi031ovDDdh
2nGFzvICaeEWjIrBrL2RAx,Put Your Records On,03:35,82,141Mp3P2VKHQMhtkW1DyQg,29WzbAQtDnBJF09es0uddn
4zYdvcaguqCfG5IcRLpfd4,A Thousand Years,05:57,46,1r6NoADkFvVSpyFnJjcuLe,0Ty63ceoRnnJKVEYP0VQpk
3KF1EXX2zGfVtGeZKiClB0,Moon Over Bourbon Street,04:00,50,17mrdCgqrWfqpJlaCNGCdF,0Ty63ceoRnnJKVEYP0VQpk
7FqDLD2f3VFdCYPCFpNvYq,Always On Your Side,04:11,49,6js6AsbjWMdMXapWYkbVSm,4TKTii6gnOnUXQHyuo9JaD
4F2t297QK40XFcIHqkmLHs,I Wish It Would Rain Down - 2016 Remaster,05:27,67,2sS9l8uc3d3UsK9unJyrD8,4lxfqrEsLX6N1N4OCSkILp
5LYJ631w9ps5h9tdvac7yP,Easy Lover,05:04,70,59RsiGLQVyFHiFn2K5VNvX,6ZNeppgfBLPUyugks9Yn1u
7MTX3vevnm41xuEoPxWT3j,Year of the Cat,06:40,59,2JxEUrs4GzHQdkV6qQayz5,0znpFLuaey34oJTE1jHSnT
2fjJt3OQ8MPaZ3LMzAWiTA,Typical Male,04:16,57,1C9kaOfbTQ9dxYM4E2Yju2,1zuJe6b1roixEKMOtyrEak
6Pgmqg15yVexuOgtzuxwoX,Dancing in My Room,03:00,72,3t1MvGhT6LU3fOIp3KMrta,0bBz5bRBkExaej2HxtVfCw
2D68wN3hwEZFdeui0c5Ar6,Retrograde,05:22,48,5bTixyz2GHx1YUqNUdzfut,1w5Kfo2jwwIPruYS2UWh56
79pY2Z5eFvXMt9bSdHLrnA,I Am Mine,03:35,63,7AOWw68DEPnDmTpquZw8bG,1w5Kfo2jwwIPruYS2UWh56
7gQm8pZsxA5eXCZMBGV7CA,Superblood Wolfmoon,03:49,40,7B3s01FXwxQR7vUqajnLpg,1w5Kfo2jwwIPruYS2UWh56
0GTK6TesV108Jj5D3MHsYb,Owner of a Lonely Heart,04:28,73,6nNlTIiFd3J06W0rJiiwlz,7AC976RDJzL2asmZuz7qil
0FCLfIht3t2vmX1IgpRi8M,Crying in the Rain,02:00,53,3wWjXsqngYcPmd4hQzjNAD,4ACplpEqD6JIVgKrafauzs
7kxfWvj6u9oWQ5C36kMtGb,Watch Over You,04:19,59,21lOBQT94kjWSiYQbpm3RG,4DWX7u8BV0vZIQSpJQQDWU
4wOKTOwGVrie2GIbCMEe7U,I Am...I Said - Single Version,03:33,63,2C5nK3wCqucTJ6QLdb1OVh,7mEIug7XUlQHikrFxjTWes
1Gt07aYIpl5yJcTbH95s7v,Blood And Tears,04:19,51,3kPaVfOEEHBDOoAbOMWvRS,34c4iQ5tkaZKu6Sv28BTde
4G1rzFZNDcReeg9BOpNimT,Smile,04:03,45,3hhRkf54AIQsdKLMWTxVLg,2FcC4sDMXme2ziI7tGKMK8
6txWz9UapYHVxEd7dDIHXT,No Rain,03:37,78,55jET4vDioHHd7ztX7OX3h,5sD1ZLf2dGQ9gQ3YJl1eAd
7p2xDNGlBBTQu2YEb6qLqG,American Attraction,02:56,0,55oNSkAEaPPS1PnSZimhts,30sqtiTKIb1oDve0SdYayT
0Ui05Ov0s4PnRc4JI3Pilg,My Favourite Game,03:40,0,6vU4QjvfTO53WTZLaVMLbQ,1tqZaCwM57UFKjWoYwMLrw
5ZduoKCxXZQT5wmeLxaBRf,Goin' Down,03:35,44,2vv6A1vmzEcnzaIkrKveJy,2R57sY41L9XvGPiIgHOaYq
3sT5s9NdC6WHXZznl9GoW7,Cold Blooded,04:43,41,68OLERPJ6p7x4uIOzaM94E,2R57sY41L9XvGPiIgHOaYq
3DIJUTOnsXxq1fxQzFI5xL,Already Dead,04:16,0,6q2xelSrpNPLJ4KkKgDkRA,2R57sY41L9XvGPiIgHOaYq
2PvKtrV7zmxpcvGuqU8LSR,Hit Me Like A Man,03:33,51,68OLERPJ6p7x4uIOzaM94E,2R57sY41L9XvGPiIgHOaYq
1Lg55kAU7qG9y9IZ3jTaIG,Going to Hell,04:38,0,2PYeB2ZxvfvPsEpd951xP4,2R57sY41L9XvGPiIgHOaYq
0XaPN9mU1BgLJZhuCxzc6T,You,03:32,51,2vv6A1vmzEcnzaIkrKveJy,2R57sY41L9XvGPiIgHOaYq
3tPo4KskHgUvu4OKCXAkhC,Kill Me,03:47,0,3kmNYIfWTasgAPLrAY3YBM,2R57sY41L9XvGPiIgHOaYq
24W4uqcDvJCer0Eodsu12Z,Prisoner,03:00,0,6q2xelSrpNPLJ4KkKgDkRA,2R57sY41L9XvGPiIgHOaYq
2UeTAblz0s0olFO9K3rV9M,Oddity,03:18,0,7FsGGAksuLOCvI2ivXh4Jd,69k6uTSZMPLpSnhmLCiKxQ
1wlKw9NAWVWpx7OIAyg9EA,Fell On Black Days,04:43,0,4K8bxkPDa5HENw0TK7WxJh,5xUf6j4upBrXZPg6AI4MRK
4lxGVzcUaSF5HW5jtWnShV,Long Nights,02:31,0,13xlpKbai3GGoMSr75lOeX,0mXTJETA4XUa12MmmXxZJh
3YuaBvuZqcwN3CEAyyoaei,Like a Stone,04:53,80,78guAsers0klWl6RwzgDLd,2ziB7fzrXBoh1HUPS6sVFn
2EqlS6tkEnglzr7tkKAAYD,Come Together - Remastered,04:19,0,0ETFjACtuP2ADo6LFhL6HN,3WrFJ7ztbogyGnTHbHJFl2
0qgrrDnUUhyxpxbBznUnzg,18 and Life,03:49,72,0kSTuMp9GpX9pJR45Bksgi,4opTS86dN9uO313J9CE8xg
1hicHXy0em2QTARfq61GE0,Lost Prayer,04:30,0,7nGYAsi4khO1u5mtHM1UN8,1AeC9AuzqGc3IXMC2T5xny
4JiDg5mpadcwg8zWx0bqQz,Neither Can I,06:42,0,6P7o7ypan5QjqhAC9IbM2W,4Ros83hWMCi68biw25Xyxg
5ZBeML7Lf3FMEVviTyvi8l,Twist And Shout - Remastered,02:35,0,3KzAvEXcqJKBF97HrXwlgf,3WrFJ7ztbogyGnTHbHJFl2
6gZVQvQZOFpzIy3HblJ20F,Man in the Box,04:45,77,5LbHbwejgZXRZAgzVAjkhj,64tNsm6TnZe2zpcMVMOoHL
0S2nAPnDXy9OGPxI56BFW6,Can't Stop,04:29,87,6deiaArbeoqp1xPEGdEKp1,0L8ExT028jH3ddEcZwqJJ5
5NeIONQWJ25uPylJBJiO4c,Through Glass,04:42,73,0dZB8UHYsM7jKmm7ByzAVq,49qiE8dj4JuNdpYGRPdKbF
3SFXsFpeGmBTtQvKiwYMDA,Pretty Fly (For A White Guy),03:08,0,2RNTBrSO8U8XjjEj9RVvZ5,5LfGQac0EIXyAN8aUwmNAQ
1Qdnvn4XlmZANCVy3XjrQo,Show Me How to Live,04:37,72,78guAsers0klWl6RwzgDLd,2ziB7fzrXBoh1HUPS6sVFn
0W5tQg5HFfbhUGiGBYmGJX,Hands Up,03:56,29,3lvjuf923xbvalJuDje4r4,6LG6fIvh2XpjqHUuR7NRtt
2EoOZnxNgtmZaD8uUmz2nD,Black Hole Sun,05:18,0,4K8bxkPDa5HENw0TK7WxJh,5xUf6j4upBrXZPg6AI4MRK
4TgZB5sw2hqVhWYY4hLA9k,Sleeping Dogs,04:39,0,7nGYAsi4khO1u5mtHM1UN8,1AeC9AuzqGc3IXMC2T5xny
0wvIGFIgbyz4JNwQhZgTv2,Rooster (2022 Remaster),06:14,73,58NXIEYqmq5dQHg9nV9duM,64tNsm6TnZe2zpcMVMOoHL
3d9DChrdc6BOeFsbrZ3Is0,Under the Bridge,04:24,87,30Perjew8HyGkdSmqguYyg,0L8ExT028jH3ddEcZwqJJ5
0fzCtVM9D5UEwiLqcY8Ouq,Hard Sun,05:22,0,13xlpKbai3GGoMSr75lOeX,0mXTJETA4XUa12MmmXxZJh
16b6oJWgMFIhMII0zSXgTE,Sunset On 32nd Street,04:19,28,6idenDZFGxyQLsVM7z9zuD,5rWh48V4824rLBdMja6sO8
5FZxsHWIvUsmSK1IAvm2pp,Best of You,04:15,79,2eprpJCYbCbPZRKVGIEJxZ,7jy3rLJdDQY21OgRLCZ9sD
4vJr55lngvhSM8WIh9CjQc,Cemetery Gates,07:02,69,5szY4sBOSD6IFjFN1RtWTe,14pVkFUHDL207LzLHtSA18
5jsDxDkJ1PqyYUWhDMr86B,Song #3,04:16,63,4PERSgw7TXqpEZlIVN6zHr,49qiE8dj4JuNdpYGRPdKbF
7iN1s7xHE4ifF5povM6A48,Let It Be - Remastered,04:03,0,0jTGHV5xqHPvEcwL8f6YU5,3WrFJ7ztbogyGnTHbHJFl2
2SgbR6ttzoNlCRGQOKjrop,Cowboys from Hell,04:03,75,5szY4sBOSD6IFjFN1RtWTe,14pVkFUHDL207LzLHtSA18
7kF1iPJTj3VFJX9XokQ80F,Slither,04:08,64,64GnrmrpL1fvfF0r1AoZLB,7CHilrn81OdYjkh4uSVnYM
1nDAlB9sVAeJfMt2rGM0Hi,Refusal,02:41,36,6idenDZFGxyQLsVM7z9zuD,5rWh48V4824rLBdMja6sO8
7rbUOih45k8bk6ahUb7VG3,Tears Of December,03:35,0,7nGYAsi4khO1u5mtHM1UN8,1AeC9AuzqGc3IXMC2T5xny
00hVU6kDP67JHurfwG2dtq,Hero Of War,04:13,63,4ebodSLpRqbuQjpGlDZglH,6Wr3hh341P84m3EI8qdn9O
7jFocb8Sn3y4uF07FsmYAJ,In This River,03:52,0,0yFCaaNOKgZVhDxZ0mNFeg,0zfT626RwO6zN3RDYeRit5
5Xak5fmy089t0FYmh3VJiY,Black,05:42,77,5B4PYA7wNN4WdEXdIJu58a,1w5Kfo2jwwIPruYS2UWh56
5wUtgDjOpjzZ7oBOQvtNDt,Sold My Soul,04:52,0,31ezVryoSZdsdCg6rTEFc2,1AeC9AuzqGc3IXMC2T5xny
4APKRaVYRwTvL5AevC1R1C,Concrete Jungle,03:23,0,1BuSpq4sdqKEm7Xz9FOJ9c,0zfT626RwO6zN3RDYeRit5
0GnU2sNVI6uP1tlmkVfiEt,World on Fire,04:31,54,3ZyFMWdKyIYxCLbK40OvcV,4Cqia9vrAbm7ANXbJGXsTE
5sFDReWLrZHLFZFjHsjUTS,Would? (2022 Remaster),03:26,77,58NXIEYqmq5dQHg9nV9duM,64tNsm6TnZe2zpcMVMOoHL
1jMaB19DiVR8OihLSuYFOt,Spoonman,04:06,0,4K8bxkPDa5HENw0TK7WxJh,5xUf6j4upBrXZPg6AI4MRK
4EchqUKQ3qAQuRNKmeIpnf,The Kids Aren't Alright,03:00,0,2RNTBrSO8U8XjjEj9RVvZ5,5LfGQac0EIXyAN8aUwmNAQ
6qLEOZvf5gI7kWE63JE7p3,Interstate Love Song,03:13,0,57lcTrUlYgfMIPvBUsVU6h,2UazAtjfzqBF0Nho2awK4z
6DEQ7nhcQXs1rQuWi2DoLJ,The Last Fight,04:03,45,2mFnAf5xnMOs1LBS4qRy5R,7CHilrn81OdYjkh4uSVnYM
3bHhUEOTIbezeZ856R0BX5,Society,03:56,0,13xlpKbai3GGoMSr75lOeX,0mXTJETA4XUa12MmmXxZJh
6yv0PzPhCGOBA9QioNAgFv,Back And Forth Again,05:55,0,6P7o7ypan5QjqhAC9IbM2W,4Ros83hWMCi68biw25Xyxg
14EORgkbXqIx5K4Haucmnb,Absolute Zero,03:49,69,2nCHgPLLyIgxFKUBYuMKPn,49qiE8dj4JuNdpYGRPdKbF
4ZpXHlV2vQVfPXUvbDSZ92,I Remember You,05:13,70,0kSTuMp9GpX9pJR45Bksgi,4opTS86dN9uO313J9CE8xg
